protein,p,median
A2AAJ9,0.189576485562616,0.0351479473259804
A2ADY9,0.0041414748807615,0.78763341601809
A2AJI0,0.0222607734832417,0.65450449042266
A2AMM0,0.333943933688292,-0.00259886767838104
A2AN08,0.121744741083078,0.356235056956696
A2ASQ1,0.0504690912822196,0.152402249142825
A2ASS6,0.155082277877306,0.0162877949924762
A2AUC9,0.00705231850158936,0.277979944461771
A3KG59,0.0122162025015106,-0.458861933183683
A6X935,0.000501615297684796,0.945982080160089
B1AY13,0.504325471045433,0
E9Q401,0.747402099637018,0
F6ZDS4,0.000190523295272244,-1.76875746181907
O08528,0.643033275059094,0
O08529,0.121744741083078,0
O08532,0.795462039288642,0
O08553,0.0771546226350226,0.161253504329528
O08638,0.125576472449426,0
O08677,0.00124431187999982,0.390361091027152
O08709,0.23556369671821,0.0905505440199407
O08715,0.00124431187999982,-0.512157992975207
O08739,0.75933344490961,0
O08749,0.735530971521914,0
O08756,0.577031903563498,0.00648431621250829
O08759,0.0626449472743814,0.554231394740695
O08788,0.868974649998216,0
O08795,0.0942926082768607,0.351321533655918
O08810,0.333943933688292,0
O08997,0.832034666693479,-0.0550539149846061
O09061,0.281849274313372,0
O09111,0.4747133788235,0
O09131,0.125576472449426,0.0884064632063154
O09164,0.00504200767139659,0.862448011265269
O35074,0.0152123496042014,0.813513187633405
O35114,0.297897030012552,0.55382633573388
O35226,0.0173054932977435,0.709436228505796
O35286,0.254696196181791,0.165547031043084
O35343,0.00641488172175789,0.595645686785004
O35350,0.0102086972927837,-0.497938136464111
O35386,0.427554110033312,-0.0118979444137078
O35459,0.103940188080244,-0.165990903973671
O35465,0.297897030012552,0.0399904424143883
O35566,0.629265343496206,0
O35593,0.210510943196251,0.133894302423347
O35639,0.0825605582365061,0.333454658279588
O35643,0.261307510812924,0.108138977285763
O35658,0.121744741083078,-0.155125631140253
O35678,0.906202903727346,0
O35737,0.981198902447007,0
O35857,0.771322353362909,0
O35864,0.0222607734832417,0.399189214800733
O35887,0.391872599263254,0
O54724,0.918662428750726,0
O54931,0.00154720449602188,0.360803024185135
O54950,0.677168370609976,0
O54984,0.0359615641073923,0.312954449556991
O54988,0.0209879197582361,0.400458036887393
O55023,0.0262126745492384,0.162978471233082
O55029,0.184328933337874,0.0352000927910473
O55111,0.0373743430934309,0.416301919197577
O55126,0.89376642154738,0
O55131,0.110796486627609,-0.0548705196860539
O55143,0.23556369671821,-0.0152192411526714
O55234,0.0562833990946691,0.202232171335983
O70133,0.868974649998216,0
O70250,0.700304774092646,0
O70305,0.484476675422261,0.234113570921841
O70318,0.700304774092646,0
O70325,0.819799132750553,0
O70373,0.0359615641073923,0.782832440819355
O70433,0.0319933674593037,0.255660951645034
O70468,0.0222607734832417,0.130087459869367
O70492,0.254696196181791,0
O70548,0.103940188080244,0.00151149222840749
O70591,0.0771546226350226,0.57672644222277
O88322,0.17415776487667,0.0984471311331804
O88342,0.121744741083078,0
O88456,0.484476675422261,0
O88492,0.274883670239552,0.00996837907192055
O88543,0.0626449472743814,0.00849834793486536
O88544,0.013345436736691,0.277903628462055
O88569,0.409482203175629,0.0119490037542774
O88685,0.125576472449426,0.0575613835267249
O88696,0.795462039288642,-0.0179877389910952
O88712,0.125576472449426,0.26461492512863
O88738,0.150570973824854,0.571852678036052
O88746,0.0435070879042863,0
O88844,0.484476675422261,0
O88986,0.189576485562616,0.000750171732486807
O89017,0.0165813011968158,0.630218266005025
O89020,0.0583413441086496,0.147178415186148
O89079,0.400619269617387,0
P00329,0.587808286179922,0
P00920,0.455515014565433,0.0781376532667069
P01027,0.000139071141769685,0.717376787995628
P01837,0.0064023952582348,0.802872204140821
P01942,0.783366129735749,0
P02089,0.807607309657158,0
P02468,0.274883670239552,0
P02469,0.918662428750726,0
P04117,0.000563769594131501,0.409972815173515
P04247,0.819799132750553,0
P05064,0.598676823537517,0
P05125,0.545273926801559,0
P05201,0.150570973824854,0.105981613436699
P05202,0.455515014565433,0
P05977,0.0332722260853964,0.175707550690944
P06151,0.23556369671821,0.142655387073106
P06683,0.326143729056504,0.0450411306542807
P06728,0.200400326169084,0
P06745,0.409482203175629,0
P06801,0.577031903563498,0
P06909,0.00172288302490501,0.434455887040425
P07310,0.374730403243281,-0.0567285013688683
P07356,0.0231967805748578,0.168024477183252
P07724,0.0468794465018838,0.0934540382855627
P07759,0.268036533670459,0.03957615610452
P07901,0.00739189473071687,0.545766137115232
P08003,0.0158838607814552,0.46333376429749
P08113,0.17415776487667,0.321268438594849
P08226,0.349902096741995,0.00522820676493804
P08228,0.956148810857562,0
P09055,0.366335892142727,-0.075911203805309
P09103,0.013345436736691,0.429830160091305
P09242,0.0583413441086496,0.131068538873176
P09405,0.0188375128506619,0.303735633428833
P09411,0.0853764782374766,0.267373129841154
P09528,0.89376642154738,0
P09541,0.89376642154738,0
P09542,0.856625342637434,0
P09671,0.189576485562616,0.00654541215596873
P10107,0.0122162025015106,0.494131155600898
P10126,0.00322190592918785,0.484143329528693
P10605,0.00705231850158936,0.180478865722486
P10637,0.0418992492427059,-0.356118887780305
P10639,0.107324975718302,0.0260874776431427
P10649,0.1295015315987,0.155103114274649
P11276,0.000168100424569512,0.76924198611761
P11404,0.427554110033312,0
P11499,0.0418992492427059,0.183959439500429
P11531,0.409482203175629,0
P11930,0.63181589101665,-0.0607637701768055
P11983,0.146160410166145,0.128054513076169
P12367,0.296137034730411,0.124121420546526
P13020,0.881356003076419,0
P13634,0.598676823537517,0.0154653082686365
P13707,0.968669992408246,0
P14094,0.0359615641073923,-0.172857784814361
P14142,0.383242797227954,0
P14148,0.455515014565433,0.10398985736181
P14152,0.587808286179922,0
P14206,0.0745618476803788,0.0772229905252212
P14211,0.00739189473071687,0.406286728649366
P14602,0.534884090851039,0.0426267896536963
P14685,0.0388340883532702,0.0892562168281887
P14733,0.0745618476803788,-0.20747944431396
P14824,0.0152123496042014,0.113105860281847
P14869,0.00975515365423722,0.277547007587951
P14873,0.881356003076419,0
P15105,0.125576472449426,0.280837326207798
P15626,0.164411731443954,0.0914825132414546
P16015,0.326143729056504,0
P16045,0.0435070879042863,0.234433103450199
P16125,0.63181589101665,-0.0131073193656208
P16332,0.956148810857562,0
P16546,0.968669992408246,0
P16675,0.110796486627609,0.146527887725316
P17156,0.000597469347221827,0.770295636325368
P17182,0.0912411243939956,0.469162260930506
P17426,0.0152123496042014,0.494697351459183
P17427,0.00290937878435863,0.505170641629901
P17563,0.261307510812924,0.0954451390948843
P17710,0.918662428750726,0
P17742,0.254696196181791,0.147676188718711
P17751,0.0284065806012414,0.117232174867578
P18572,0.504325471045433,0
P18654,0.545273926801559,0
P18760,0.0196470758581901,0.307354728096159
P18872,0.0523485853712318,0
P19096,0.400619269617387,0
P19123,0.374730403243281,0
P19157,0.391872599263254,0.0101113945680246
P19221,0.00774606605707547,0.761111082234477
P19324,0.00181743842801752,0.402825433725125
P19536,0.609635598555111,0
P20029,0.436761542652553,0
P20108,0.856625342637434,0
P20152,0.00582976294866423,0.296413524119882
P21107,0.665711752285345,-0.0714328286686883
P21550,0.795462039288642,0
P21614,0.832034666693479,0
P21981,0.000229485265558367,0.252564624156164
P22599,0.137636740454583,0.0871767710897322
P22907,0.00356473844190227,0.360711621609801
P23116,0.819799132750553,0
P23198,0.723722671499961,0
P23242,0.00931965570814972,-0.214981746970923
P23506,0.229418168727969,0.0457607632449432
P23927,0.169232130164369,0.0149921983478287
P23953,0.072040698116284,0.0386945295963923
P24270,0.072040698116284,-0.127789904237365
P24527,0.169232130164369,0.0118525684361536
P24547,0.107324975718302,0
P26039,0.968669992408246,0
P26041,0.00117767069921098,0.390360947382265
P26043,0.598676823537517,0.0142872541538385
P26231,0.832034666693479,0
P26262,0.795462039288642,0
P26443,0.409482203175629,0.267900044122805
P26638,0.00582976294866423,0.52706904536301
P27546,0.0974253670425724,0.0654573519820649
P27612,0.795462039288642,0
P27659,0.881356003076419,0
P27773,0.141849401463706,0
P28271,0.169232130164369,0.262605283859656
P28352,0.735530971521914,0
P28474,0.700304774092646,0
P28650,0.0745618476803788,0.0914519540538672
P28665,0.17415776487667,0.0793757562925941
P28798,0.349902096741995,0
P29699,0.0152123496042014,0.312543647053072
P29788,0.000244054753189493,0.762199901723314
P30416,0.164411731443954,0
P31001,0.00394044391388604,0.376992325937553
P31230,0.0583413441086496,0.144106388851763
P31750,0.254696196181791,0.325353881126889
P31938,0.0912411243939956,0.49758306727928
P32067,0.0672077846340269,0.734247995527074
P32233,0.107324975718302,-0.216535647707732
P32261,0.150570973824854,0.221175258289632
P32921,0.374730403243281,0
P34914,0.771322353362909,0
P35123,0.00224530685719768,0.667485929657179
P35235,0.0359615641073923,0.145325090466674
P35283,0.677168370609976,0
P35441,0.56634953122213,0.273804836026921
P35486,0.427554110033312,0.112644186402012
P35505,0.856625342637434,0
P35564,0.310901567984652,0.0950426403706968
P35700,0.735530971521914,0
P36552,0.89376642154738,-0.0207614664143077
P36993,0.906202903727346,0
P37804,0.00672681626765671,0.17593809746959
P38647,0.17415776487667,0.0612527549896256
P39447,0.00672681626765671,-0.535916876858892
P40124,0.333943933688292,0
P40142,0.0542862521335288,0.349345829942457
P40336,0.0165813011968158,0.223244675646478
P41105,0.125576472449426,-0.125501786407073
P42125,0.436761542652553,0
P42208,0.688700168290688,0
P42225,0.643033275059094,0
P42567,0.326143729056504,0
P42932,0.211668472854518,0.000365075062130563
P45376,0.281849274313372,0
P45591,0.654332632107254,0
P45952,0.484476675422261,0
P46412,0.00705231850158936,0.249708028476497
P46460,0.514408359147172,0
P46737,0.0853764782374766,0.392707065117482
P46935,0.318462927583331,0.227526348911259
P46978,0.0334062691391638,0.457438957422145
P47738,0.677168370609976,0
P47754,0.110796486627609,0.00886016055434344
P47757,0.620682633510885,0
P47809,0.504325471045433,0.0300389027821626
P47811,0.931141958770873,0.03103741580708
P47857,0.24182481839961,0
P47911,0.0974253670425724,0.10769167905968
P47934,0.103940188080244,-0.143868998077628
P47941,0.0152123496042014,0.353810854421018
P47955,0.0106809178151796,0.161753042970517
P48036,0.179189690909951,0.0767510695081208
P48722,0.164411731443954,0
P48774,0.391872599263254,0
P48787,0.819799132750553,-0.0154409480327901
P48962,0.326143729056504,-0.0163986357342283
P49312,0.00146569451652794,0.62989640349085
P49442,0.504325471045433,0
P49443,0.868974649998216,0
P49615,0.341863442768662,0.144050857407576
P49722,0.555762962303962,0
P49813,0.700304774092646,0
P49817,0.968669992408246,0
P50136,0.587808286179922,0
P50171,0.103940188080244,0.0425478856979821
P50247,0.150570973824854,0.190288201615536
P50285,0.261307510812924,0
P50396,0.281849274313372,0
P50462,0.795462039288642,0
P50516,0.000114812445375453,1.14616976534899
P50544,0.63181589101665,0
P50752,0.110796486627609,-0.0172706213696462
P51125,0.0165813011968158,0.121574933789954
P51163,0.229418168727969,-0.270762014870923
P51174,0.24182481839961,0.109758598647854
P51667,0.643033275059094,0
P51855,0.665711752285345,0
P51859,0.334283278752917,0.00822860026635262
P52480,0.0486464733140217,0.0394375865187824
P52503,0.75933344490961,0
P52825,0.179189690909951,0
P53395,0.844311037808544,0
P53612,0.643033275059094,0.00654267786318325
P53702,0.341863442768662,0
P53810,1.30250071581397e-05,1.33617906436209
P53986,0.771322353362909,0
P53994,0.00705231850158936,0.258746037478519
P53996,0.365371548508621,0.0070628801963989
P54071,0.832034666693479,0.0152682241479905
P54726,0.0367682846439545,-0.836286227808268
P54728,0.620682633510885,0
P54731,0.00435176815045221,1.1097524006769
P54775,0.455515014565433,0
P54823,0.0825605582365061,0.463348180830646
P55264,0.524595056100399,0
P55937,0.427554110033312,0
P56213,0.125576472449426,0.0406701827652761
P56375,0.268036533670459,0.137270715540582
P56380,0.723722671499961,0
P56394,0.334283278752917,0.0140934637135318
P56399,0.665711752285345,0
P56695,0.00236581095127441,0.483574443281305
P56959,0.174538036990627,0.302803493432817
P57759,0.146160410166145,0.117926338454924
P57776,0.000842328875481782,0.348130334366432
P57780,0.0085003538415251,0.240112734933849
P58252,0.169232130164369,0.0251877510526778
P58771,0.103940188080244,-0.0387230048758516
P58774,0.446082156566587,0
P58871,0.819799132750553,0
P59017,0.534884090851039,0.0705468976038952
P59325,0.00555563783225006,0.54975653067884
P59672,0.968669992408246,0
P60229,0.0853764782374766,0.0103877220508698
P60335,0.524595056100399,0.0180688710451365
P60670,0.968669992408246,0
P60843,0.00931965570814972,0.436399235883348
P61014,0.609635598555111,0
P61082,0.0213577837654288,0.273445409735752
P61087,0.374730403243281,0.0877572966464972
P61161,0.0942926082768607,0.0297076157430964
P61922,0.248202133795407,0.0228694887214123
P61961,0.200400326169084,0
P61971,0.0085003538415251,0.406598958633883
P61979,0.164411731443954,0.299856839884525
P61982,0.465059112418441,0
P62071,0.906202903727346,0
P62196,0.00290937878435863,0.251978261698119
P62204,0.24182481839961,0.20047752336343
P62242,0.358059674403145,0.0789353736548487
P62259,0.0180572776211252,0.166018301676285
P62264,0.229418168727969,0
P62270,0.677168370609976,0
P62281,0.00262475922090632,0.336655152629246
P62334,0.56634953122213,0
P62631,0.723722671499961,0
P62754,0.268036533670459,0.0611303312291627
P62774,0.0133553288430199,0.479998682373695
P62806,0.0106809178151796,0.182833259042542
P62814,0.0745618476803788,0.5529331350445
P62858,0.200400326169084,0.0025111173673634
P62869,0.103940188080244,0
P62880,0.159695484546589,0.00465035240518497
P62908,0.747402099637018,0
P62918,0.248202133795407,0
P62960,0.100640771695843,0.039169703646148
P62962,0.0196470758581901,0.432691085083035
P63017,0.0332722260853964,0.107938731475682
P63028,0.00224530685719768,0.388210885135795
P63038,0.484476675422261,0
P63101,0.00480164364952706,0.428179606464661
P63242,0.0648932865521406,0.0190119933263094
P63254,0.200400326169084,0.00331007507162821
P67778,0.75933344490961,0
P68040,0.254696196181791,0
P68181,0.23556369671821,0.0602072888829
P68254,0.400619269617387,0
P68368,0.229418168727969,0.0288576309930925
P68510,0.0173054932977435,0.279586860610415
P70168,0.0359615641073923,0.119451315796698
P70195,0.216059080551842,0.389017879479976
P70265,1,0
P70296,0.318462927583331,0
P70313,0.654332632107254,0
P70335,0.0251717362363038,1.06019450508537
P70336,0.795462039288642,0
P70372,0.409482203175629,0
P70398,0.288933646828102,0
P70414,0.0672077846340269,0.132158863498269
P70670,0.0359615641073923,0.25822958061042
P70695,0.771322353362909,0
P70698,0.000751904671528552,0.659426383601119
P80313,0.446082156566587,0.084669894678817
P80314,0.169232130164369,0.32140447551772
P80315,0.723722671499961,0
P80316,0.620682633510885,0
P80317,0.200400326169084,0.23124427875475
P80318,0.0853764782374766,0.19381034548498
P83741,0.856625342637434,0.0460616713098505
P84091,0.200400326169084,0.174465399482847
P84099,0.418460729014109,0.147655205189024
P97314,0.121744741083078,0.0105535101359935
P97333,0.23556369671821,-0.186675623604522
P97352,0.7119797657602,0
P97355,0.169232130164369,0.228245394457165
P97371,0.358059674403145,0
P97372,0.0672077846340269,0.163569910219448
P97384,0.918662428750726,0
P97429,0.17415776487667,0.266999345727357
P97443,0.333943933688292,0.0157727082541792
P97447,4.77252335033934e-07,1.33571798308387
P97449,0.0180572776211252,0.334410078044175
P97450,0.30345962987935,-0.0975728721167283
P97461,0.609635598555111,0
P97494,0.296137034730411,0.204706769742176
P97807,0.723722671499961,0
P97825,0.223387588956075,0
P99028,0.956148810857562,0
P99029,0.296137034730411,0.0327268620842147
Q00623,0.427554110033312,0
Q00PI9,0.63181589101665,0
Q01279,0.620682633510885,-0.102561596915538
Q01768,0.555762962303962,0
Q01853,0.296137034730411,0
Q02013,0.981198902447007,0
Q02053,0.0825605582365061,0.146996278459572
Q02248,0.665711752285345,0
Q02566,0.281849274313372,0
Q02819,0.587808286179922,0
Q03265,0.993732451868159,0
Q04447,0.0045716961856957,0.385789700582666
Q04857,0.0562833990946691,0.163957454047141
Q05793,0.223387588956075,0.021339457742231
Q05920,0.56634953122213,0
Q06138,0.436761542652553,0.0490973524172878
Q06890,0.0173054932977435,0.265037073376342
Q07076,0.349902096741995,0.0191961577648076
Q07417,0.968669992408246,0
Q08879,0.200400326169084,0.205382495667255
Q11011,0.4747133788235,0
Q11136,0.723722671499961,0
Q148V7,0.297897030012552,0
Q149B8,0.1295015315987,0
Q14C51,0.072040698116284,0.10004551361594
Q1XH17,0.455515014565433,0.00408738691893869
Q2TPA8,0.598676823537517,-0.00094314550991548
Q3B7Z2,0.169232130164369,0.0642465545023374
Q3TC93,0.819799132750553,0
Q3TCH7,0.807607309657158,0
Q3TCJ1,0.795462039288642,0
Q3THK7,0.383242797227954,0.0700127473027295
Q3TJZ6,0.30345962987935,0
Q3TMP8,0.228709851405309,0
Q3TTY5,0.24182481839961,0
Q3TVI8,0.931141958770873,0
Q3TXS7,0.0359615641073923,0.257517040869312
Q3U0B3,0.0359615641073923,0.121902693983058
Q3U0S6,0.654332632107254,0
Q3UFY8,0.868974649998216,0.0703098243703795
Q3UH60,0.268036533670459,0
Q3UH68,0.014565963234229,0.431357708328645
Q3UIZ8,0.288933646828102,0
Q3ULD5,0.75933344490961,0
Q3ULJ0,0.918662428750726,0
Q3UM45,0.0648932865521406,0.108082880963814
Q3UMF0,0.943638441181721,0
Q3UPL0,0.0180572776211252,0.556034243099622
Q3UQ84,0.688700168290688,0.0155362747331491
Q3URD3,0.358059674403145,0
Q3UTJ2,0.00290937878435863,0.38052658248994
Q3UV70,0.494347796882088,-0.0295453709104616
Q3UW53,0.248202133795407,0.201049425877898
Q3UZA1,0.374730403243281,0
Q499X9,0.819799132750553,0
Q4VAA2,0.939871453994392,0.168038422729294
Q58A65,0.56634953122213,0
Q59J78,0.318462927583331,-0.0336393225848641
Q5DTJ9,0.00435176815045221,1.08288097453951
Q5EBG6,0.723722671499961,0
Q5FW52,0.868974649998216,0
Q5FWK3,0.229418168727969,0.421856567122279
Q5I043,0.0912411243939956,0.358162499539744
Q5ND29,0.735530971521914,0
Q5SUR0,0.223387588956075,0.0760045217716526
Q5SW19,0.665711752285345,0
Q5XJY5,0.0542862521335288,0.218184301204051
Q60597,0.484476675422261,0
Q60631,0.993732451868159,0
Q60675,0.11800504154136,0
Q60676,0.374730403243281,0
Q60692,0.100640771695843,0.111311995336867
Q60710,0.677168370609976,0.113784016960546
Q60714,0.484476675422261,-0.00135413975126879
Q60715,0.00338937761801765,0.76115531862081
Q60823,9.93140242654922e-05,1.03421581428804
Q60854,0.000202761384802385,0.404679090226413
Q60864,0.0204868617282776,0.23889757679864
Q60870,0.000473975729190734,-0.63719042051315
Q60902,0.133521199429196,0
Q60930,0.0332722260853964,0.233633361978349
Q60932,0.00672681626765671,0.306095061445072
Q60936,0.0486464733140217,-0.0492091914763351
Q60994,0.1295015315987,0
Q61001,0.114356064113808,0
Q61035,0.00705231850158936,0.414883420234328
Q61081,0.100640771695843,0.116825819779249
Q61129,0.014565963234229,0.302724776979531
Q61147,0.0241667728640506,0.333391611511821
Q61151,0.288933646828102,0.0263177922556436
Q61166,0.7119797657602,-0.00743279505770819
Q61207,0.844311037808544,0
Q61210,0.341890758559386,0
Q61233,0.00611602310370637,0.44400727947142
Q61234,0.441655549058783,-0.0293514570237044
Q61247,0.0213577837654288,0.167548957986133
Q61292,0.366335892142727,0.0355776680500523
Q61316,0.00890158864743343,0.204970009984002
Q61425,0.333943933688292,-0.00774861832878555
Q61553,0.184328933337874,0
Q61554,0.00774606605707547,0.458147851695966
Q61584,0.771322353362909,0
Q61595,0.63181589101665,0.0582925983249303
Q61598,0.00931965570814972,0.342323352548846
Q61599,0.0882695403632491,0.183206764334849
Q61646,0.00251727560707032,0.805444602099997
Q61699,0.75933344490961,0
Q61738,0.771322353362909,0
Q61768,0.0583413441086496,0.17174987540492
Q61792,0.56645589822824,0
Q61838,0.795462039288642,0
Q61879,0.968669992408246,0
Q61937,0.184328933337874,-0.00640209801380515
Q61941,0.75933344490961,0.0218188602114768
Q61990,0.795462039288642,0
Q62009,0.000100920824590979,1.47543902736328
Q62059,0.326143729056504,0.00194671724384065
Q62077,0.100640771695843,-0.799654751458271
Q62087,0.137636740454583,0.222724644978349
Q62165,0.0102086972927837,-0.76476610621642
Q62167,0.00480164364952706,0.989812139855756
Q62188,0.00338937761801765,0.806674251283916
Q62234,0.296137034730411,0.0388501239974181
Q62261,0.956148810857562,0
Q62407,0.326143729056504,0
Q62417,0.164411731443954,0.0378553018286808
Q62418,0.427554110033312,0
Q62448,0.643033275059094,0
Q62523,0.200400326169084,0.199318192819276
Q63810,0.856625342637434,0
Q63844,0.63181589101665,0.0615022621275694
Q63918,0.159695484546589,-0.0475392482404051
Q63932,0.0798203998036864,0.283112517699727
Q64010,0.0974253670425724,0.420182732822816
Q64105,0.0127697769730225,0.343459012663871
Q64378,0.274883670239552,0
Q64433,0.24182481839961,0
Q64442,0.0165813011968158,0.0721629520319996
Q64514,0.00975515365423722,0.440715249667019
Q64669,0.205978430283607,0.0301196776347643
Q64726,0.409482203175629,-0.0303634915068519
Q64727,0.555762962303962,0
Q64737,0.56634953122213,0
Q68FD5,0.0111724629969994,0.124066677942402
Q68FL6,0.0451667380535344,0.0558069665272342
Q69ZR2,0.00262475922090632,0.762351779958101
Q6A0A9,0.110796486627609,-0.157599272305934
Q6IRU2,0.0106809178151796,0.290392678086223
Q6IRU5,0.113180065516201,0.496808669305446
Q6NVE9,0.0504690912822196,0.467417797903242
Q6NZJ6,0.981198902447007,0
Q6P069,0.75933344490961,0
Q6P3A8,0.409482203175629,-0.0480737212227891
Q6P549,0.688700168290688,0.00945882423647373
Q6P5F9,0.0319933674593037,0.142556947845111
Q6P5H2,0.0173054932977435,0
Q6P8J7,0.7119797657602,0
Q6P9R2,0.465059112418441,0
Q6PAR5,0.00181743842801752,0.838245492504464
Q6PAV2,0.0912411243939956,0.470667110685303
Q6PB66,0.545273926801559,0
Q6PD03,0.00641488172175789,-0.519627472936463
Q6PDI5,0.200400326169084,0
Q6PDL0,0.4747133788235,0
Q6PDM2,0.555762962303962,0
Q6PDN3,0.881356003076419,0
Q6PDY2,0.66023956522124,-0.0182879277750336
Q6PIE5,0.0173054932977435,-0.27697886351838
Q6URW6,0.4747133788235,0
Q6ZPJ3,0.268036533670459,0.0406376601994986
Q6ZQ38,0.072040698116284,0.37126765290571
Q6ZQ73,0.107324975718302,0.0833654982170893
Q6ZQI3,0.103940188080244,0.323071915551017
Q6ZWN5,0.418460729014109,0
Q6ZWX6,0.807607309657158,0
Q6ZWY3,0.60161329123019,0
Q70FJ1,0.783366129735749,0
Q70KF4,0.688700168290688,0
Q71FD7,0.366335892142727,-0.0190124487990012
Q76MZ3,0.125576472449426,0.132067825397022
Q78J03,0.150570973824854,0.0433625221703159
Q78PY7,0.484476675422261,0
Q78ZA7,0.0882695403632491,0.103886487788729
Q7TMB8,0.735530971521914,-0.0325846905484084
Q7TMY8,0.0085003538415251,0.444389368523283
Q7TNG5,0.223387588956075,0.347681351108591
Q7TPR4,0.0158838607814552,0.333533277849672
Q7TPW1,0.333943933688292,0
Q7TQ48,0.494347796882088,0
Q7TQ95,0.620682633510885,0
Q7TQI3,0.341863442768662,0
Q7TSH2,0.00224530685719768,0.628328190607673
Q7TSV4,0.0910922539670862,0.204166168388086
Q80TM9,0.0122162025015106,0.332698371850137
Q80TV8,0.75933344490961,0
Q80UG5,0.643033275059094,-0.153766937832065
Q80UM3,0.555762962303962,0
Q80UY1,0.906202903727346,0.00613293861267294
Q80WJ7,0.0504690912822196,-0.351120815468956
Q80XB4,0.00890158864743343,0.530998421502912
Q80XL6,0.00394044391388604,-0.477835668230489
Q80XN0,0.000330847523223204,0.456608814745467
Q80YV4,0.881356003076419,0
Q811D0,0.133521199429196,-0.368005632258639
Q811I0,0.455515014565433,0
Q811U4,1,0
Q8BFP9,0.24182481839961,0.0763954221368246
Q8BFR5,0.0435070879042863,-0.0402827355273392
Q8BFS6,0.0468794465018838,0.492051769093803
Q8BFW7,0.21747126779811,0.13250591595719
Q8BG05,0.0942926082768607,0.432267243965949
Q8BG51,0.261307510812924,0.120531400593704
Q8BG95,0.268036533670459,0.181061229725853
Q8BGC4,0.318462927583331,0
Q8BGK2,0.654332632107254,-0.0270583113697549
Q8BGQ7,0.0974253670425724,0.84121008863593
Q8BH04,0.0672077846340269,0.0803636885094715
Q8BH58,0.0387510102801933,0.576690470979707
Q8BH69,0.654332632107254,0.102708812350637
Q8BH86,0.534884090851039,0
Q8BHG1,0.00322190592918785,0.474536130051535
Q8BHN3,0.00322190592918785,0.336145889842387
Q8BI84,0.169232130164369,0.185212194361724
Q8BIF0,0.4747133788235,0
Q8BIJ6,0.545273926801559,0
Q8BJ71,0.504325471045433,0.0393017702465322
Q8BJU0,0.0231967805748578,0.280887447260124
Q8BJW6,0.139285765507923,0
Q8BJZ4,0.281849274313372,0
Q8BK03,0.943638441181721,0
Q8BK30,0.524595056100399,0
Q8BK64,0.455515014565433,0.195358856777802
Q8BK72,0.0542862521335288,0.229568183868827
Q8BKC5,0.30345962987935,-0.0766257859401768
Q8BKZ9,1,0
Q8BL66,0.155082277877306,0.252622189986198
Q8BLF1,0.577031903563498,0
Q8BLY2,0.0942926082768607,0.319248877402532
Q8BMF4,0.524595056100399,0
Q8BMJ2,0.735530971521914,0
Q8BMK4,0.418460729014109,0
Q8BMP6,0.125576472449426,0
Q8BMS1,0.0262126745492384,-0.121527466088904
Q8BMS4,0.856625342637434,0
Q8BP47,0.0745618476803788,0.318695080472946
Q8BP92,0.251927673879225,0.235327326318186
Q8BPB5,0.832034666693479,0
Q8BRF7,0.200400326169084,0.206483914413707
Q8BSY0,0.141849401463706,0.142611620384776
Q8BT60,0.341863442768662,0.0513853737758786
Q8BTM8,0.288933646828102,0.0177801696931703
Q8BTY1,0.455515014565433,0
Q8BTZ7,0.30345962987935,0.548648211789832
Q8BU30,0.17415776487667,0
Q8BUK6,0.598676823537517,0
Q8BUV3,0.555762962303962,0
Q8BVA5,0.486360425091558,0.113201647052988
Q8BVE3,0.0231967805748578,0.414321978555876
Q8BWF0,0.795462039288642,0
Q8BWT1,0.688700168290688,0
Q8BX70,0.125576472449426,0.269692629318174
Q8BY87,0.000531846996146253,0.768884159021789
Q8BYJ6,0.654332632107254,0
Q8BZF8,0.072040698116284,0.197698394478701
Q8BZJ7,0.906202903727346,0
Q8C0L0,1,-0.0315028792529627
Q8C0L9,0.254696196181791,0
Q8C129,0.21747126779811,0.00942121582353275
Q8C1A5,0.00555563783225006,0.398494580879713
Q8C878,0.0504690912822196,0.322070826602433
Q8CAY6,0.494347796882088,0
Q8CC36,0.228709851405309,0.152126068559974
Q8CC88,0.723722671499961,0.00278575360240934
Q8CDN6,0.17415776487667,0
Q8CGC7,0.0307568765583333,0.19508172888636
Q8CGY6,0.993732451868159,0
Q8CGY8,0.555762962303962,0.0413452407458478
Q8CHC4,0.24182481839961,0.135181332726164
Q8CHH9,0.0562833990946691,0.202581520900118
Q8CHP8,0.23556369671821,0.0670492871672236
Q8CI94,0.0359615641073923,0.205149121928105
Q8CIB5,0.436761542652553,0
Q8CIE6,0.504325471045433,0
Q8CJ53,0.141849401463706,-0.0406838166284877
Q8JZN5,0.735530971521914,0
Q8JZN7,0.229418168727969,0
Q8JZQ2,0.0158838607814552,0.214119380809931
Q8JZQ9,0.0912411243939956,0.0741083275800906
Q8K009,0.00306200792933068,-0.630661816432178
Q8K010,0.310901567984652,0.106700459210927
Q8K0E8,0.0695898002899335,0.244356139190839
Q8K0U4,0.147537799891406,-0.323661967250433
Q8K157,0.391872599263254,0
Q8K182,0.844311037808544,0
Q8K1B8,0.534884090851039,0
Q8K1M6,0.981198902447007,0
Q8K1R7,0.0158838607814552,0.599809171677846
Q8K2B3,0.918662428750726,0
Q8K2I3,0.326143729056504,0.00312331743478936
Q8K2Q5,0.6953822812856,0
Q8K310,0.771322353362909,0
Q8K370,0.700304774092646,0
Q8K3C3,0.534884090851039,0.202673753586965
Q8K3H0,0.409482203175629,0
Q8K3J1,0.832034666693479,0
Q8K4G1,0.205978430283607,0.270475227207443
Q8K4L3,0.504325471045433,0
Q8QZR5,0.150570973824854,0
Q8QZS1,0.993732451868159,0
Q8QZT1,0.288933646828102,0.054173488976314
Q8QZY1,0.795462039288642,0
Q8R010,0.0801167358214613,0.374034151304584
Q8R050,0.587808286179922,0
Q8R081,0.620682633510885,0
Q8R0P4,0.21747126779811,-0.0372958177353228
Q8R123,0.107324975718302,0.100671521403617
Q8R146,0.436761542652553,0
Q8R1G2,0.409482203175629,0
Q8R1I1,0.17415776487667,0.238420370087241
Q8R1Q8,0.783366129735749,0
Q8R2G4,8.86267314476733e-05,-0.576390744304349
Q8R361,0.0825605582365061,0
Q8R3B1,0.150570973824854,0.189797330470309
Q8R3V5,0.665711752285345,0
Q8R4N0,0.436761542652553,0
Q8R550,0.795462039288642,0
Q8R5H1,0.484476675422261,0.294750059092436
Q8VBT1,0.484476675422261,0.0155956470296402
Q8VBT9,0.288933646828102,-0.0271684959279906
Q8VBW6,0.4747133788235,0
Q8VBZ3,0.100640771695843,0.398962831677796
Q8VCI5,0.494347796882088,0
Q8VCM7,0.000501615297684796,0.624359511342095
Q8VCT3,0.146160410166145,0
Q8VCT4,0.1295015315987,-0.249517890959747
Q8VD75,0.0523485853712318,0.176116777547392
Q8VDC1,0.184328933337874,-0.0671637949994703
Q8VDD5,0.100640771695843,0.165936375733516
Q8VDJ3,0.00504200767139659,0.0926534587616061
Q8VDK1,0.455515014565433,0
Q8VDM4,0.029561644808311,0.205748112773959
Q8VDN2,0.609635598555111,0.0164927842118359
Q8VDQ1,0.56634953122213,0
Q8VE22,0.0116839973894092,0.445763828398731
Q8VE47,0.0387510102801933,0.344227082330675
Q8VE62,0.918662428750726,0
Q8VEK3,0.956148810857562,0
Q8VH51,0.125576472449426,0.247186550872053
Q8VHE0,0.00262475922090632,0.834077048414024
Q8VHX6,0.0319933674593037,0.646112665072246
Q8VI36,0.0222607734832417,-0.244619932081784
Q8WTY4,0.00163287076070357,0.747268237036305
Q91UZ5,0.63181589101665,0
Q91V41,0.358059674403145,0
Q91V76,0.139285765507923,0.116967322985416
Q91V92,0.0562833990946691,0.326803051580639
Q91VC3,0.609635598555111,0
Q91VD9,0.534884090851039,0
Q91VH6,0.072040698116284,0.22212268323678
Q91VI7,0.00811536862127755,0.511290501720926
Q91VJ2,0.281849274313372,-0.0725600706764418
Q91VK1,0.21747126779811,-0.0725452894122585
Q91VM9,0.795462039288642,0
Q91VR5,0.0504690912822196,0.404935504996405
Q91VW5,0.844311037808544,0.0747494712196704
Q91W50,0.783366129735749,0
Q91W90,0.00219484739439849,1.43686058656215
Q91WC0,0.040341989007121,-0.142573762717041
Q91WD5,0.723722671499961,0
Q91WK2,0.0542862521335288,0.18472127167311
Q91WQ3,0.956148810857562,0
Q91WS0,0.956148810857562,0
Q91WU5,0.75933344490961,0
Q91XL9,0.0209879197582361,0.610594852435659
Q91YI0,0.00124456424067804,0.499107554975134
Q91YN9,0.000795925813090137,0.776766855275661
Q91YP2,0.0672077846340269,0.0696091416901699
Q91YR1,0.137636740454583,0.0302900348051954
Q91YS8,0.427554110033312,0.0267384537815382
Q91Z53,0.0542862521335288,0.0563055113131637
Q91ZJ5,0.00705231850158936,0.291610732898934
Q920E5,0.0825605582365061,0.743966376425162
Q920Q8,0.349902096741995,0
Q921F2,0.155082277877306,-0.0557897164171837
Q921G7,0.333943933688292,0
Q921I1,0.268036533670459,0
Q921M3,0.654332632107254,0.00455882336623763
Q921M7,0.000670564990777976,0.713225710230744
Q922B1,0.534884090851039,0
Q922B2,0.0307568765583333,0.285539388632534
Q922D4,0.274883670239552,0.080242151754307
Q922D8,0.391872599263254,0.0574886714681801
Q922J3,0.30345962987935,0
Q922Q1,0.956148810857562,0
Q922R8,0.00739189473071687,0.544133087538369
Q922Y1,0.0164525155540244,0.429618538532508
Q923D2,0.0853764782374766,0
Q923T9,0.341863442768662,-0.0350381784761038
Q924M7,0.029561644808311,0.355287383328571
Q924X2,0.620682633510885,0
Q93092,0.0745618476803788,0.14585339506228
Q99020,0.0542862521335288,0.0495537631536757
Q99J09,0.365371548508621,0
Q99J99,0.465059112418441,-0.00528386136830932
Q99JB2,0.4747133788235,0
Q99JB8,0.200400326169084,0
Q99JI4,0.436761542652553,0.0304470960577341
Q99JT1,1,0
Q99JW2,0.89376642154738,0
Q99JX3,0.00480164364952706,0.698219899357288
Q99JY0,0.654332632107254,-0.00375221976852853
Q99JY3,0.341863442768662,0
Q99JY9,0.296137034730411,0.0422601792951862
Q99K51,0.000100920824590979,0.619012011110071
Q99KB8,0.0974253670425724,0.0710262046534585
Q99KH8,0.75933344490961,0
Q99KI0,0.677168370609976,0
Q99KK7,0.333943933688292,0.111748798024861
Q99KP3,0.654332632107254,0
Q99KQ4,0.0523485853712318,-0.198936334743935
Q99L04,0.318462927583331,0
Q99L13,0.229418168727969,0.0826155433363938
Q99L43,0.30345962987935,0.0862955314793435
Q99L47,0.0222607734832417,0.201658690730891
Q99LB2,0.7119797657602,0
Q99LC3,0.358059674403145,-0.0194368470943053
Q99LD4,0.00555563783225006,0.309255823844022
Q99LD8,0.189576485562616,0
Q99LF4,0.164411731443954,0.0424608575571372
Q99LX0,0.0853764782374766,0.031143811206541
Q99M01,0.333943933688292,0.138232695978868
Q99MI1,0.427554110033312,-0.521132947491517
Q99MN1,0.504325471045433,0.0775112316710806
Q99MN9,0.484476675422261,0.0475922825802131
Q99MR8,0.63181589101665,0
Q99MR9,0.598676823537517,0
Q99MS7,0.0359615641073923,0.476847089409513
Q99N96,0.409482203175629,0.00388963756460662
Q99NB1,0.436761542652553,0
Q99NB9,0.199725405193514,0.172856818317011
Q99P72,0.0468794465018838,0.190209390195498
Q99PL5,0.931141958770873,0
Q99PL6,0.0504690912822196,-0.0144682301448786
Q99PT1,0.00480164364952706,0.388303430038618
Q9CPQ1,0.358059674403145,0
Q9CPR4,0.0111724629969994,0.470174244749237
Q9CQ01,0.809260169214591,0.212108483725072
Q9CQ65,0.465059112418441,0
Q9CQ80,0.69487835826475,0
Q9CQA3,0.931141958770873,0
Q9CQC9,0.0468794465018838,0.246112855064785
Q9CQF9,0.0307568765583333,0.0486194737009806
Q9CQH3,0.524595056100399,0
Q9CQJ6,0.0342316597937191,-0.550065570471294
Q9CQJ8,0.993732451868159,0
Q9CQM9,0.0942926082768607,0.212322798490301
Q9CQN7,0.455515014565433,0
Q9CQQ7,0.688700168290688,0
Q9CQS4,0.906202903727346,0
Q9CQX2,0.494347796882088,0
Q9CQX8,0.609635598555111,0
Q9CQZ5,0.211668472854518,0
Q9CR00,0.341863442768662,0
Q9CR16,0.229418168727969,0
Q9CR24,0.747402099637018,0
Q9CR62,0.0127697769730225,0.340194695072797
Q9CR68,0.288933646828102,0
Q9CRA7,0.341863442768662,0
Q9CRB9,0.0626449472743814,-0.0438889779816924
Q9CRD0,0.832034666693479,0
Q9CRD2,0.677168370609976,0
Q9CWJ9,0.0486464733140217,0.168970287343729
Q9CWK8,0.24182481839961,0
Q9CX34,0.211668472854518,0.0948501975201023
Q9CXJ4,0.0771546226350226,0.0613178105674925
Q9CXT8,0.0882695403632491,0.0139337064499105
Q9CXW2,0.0139439151698106,0.237270836099015
Q9CY27,0.179189690909951,0
Q9CY58,0.609635598555111,0
Q9CY64,0.0974253670425724,0.179085679587904
Q9CY73,0.783366129735749,0.013262214953119
Q9CYT6,0.23556369671821,0.0298008739427249
Q9CYZ2,0.103940188080244,0.235288061354146
Q9CZ04,0.409482203175629,0
Q9CZ13,0.21747126779811,0
Q9CZ30,0.0122162025015106,0.442547144494035
Q9CZ44,0.609635598555111,0
Q9CZD3,0.418460729014109,0.0698063741533541
Q9CZR8,0.358059674403145,0
Q9D020,0.918662428750726,0
Q9D024,0.0309792713302701,0.649786437847859
Q9D051,0.455515014565433,-0.022640974906935
Q9D0E1,0.545273926801559,0
Q9D0F3,0.536220944770031,0
Q9D0F9,0.918662428750726,0
Q9D0I9,0.189576485562616,0.0026362993104799
Q9D0K2,0.184328933337874,0.00224895621796081
Q9D0M1,0.524595056100399,-0.00270105163938417
Q9D0M3,0.349902096741995,0
Q9D0R2,0.00611602310370637,0.382207678978213
Q9D172,0.795462039288642,0
Q9D1E6,0.891997912713125,-0.0308021184480677
Q9D1H6,0.524595056100399,0
Q9D1I5,0.783366129735749,0
Q9D1Q6,0.0695898002899335,0.296558663652119
Q9D1X0,0.159695484546589,0.200898645615271
Q9D2G2,0.179189690909951,0
Q9D2V7,0.0648932865521406,0.260277636146612
Q9D379,0.918662428750726,0
Q9D3D9,0.24182481839961,-0.0600376598458058
Q9D404,0.620682633510885,0
Q9D517,0.072040698116284,-0.0576961939853659
Q9D5T0,0.677168370609976,0
Q9D5V5,0.00975515365423722,0.394770396751035
Q9D6J5,0.700304774092646,0
Q9D6R2,0.654332632107254,-0.00785398336793601
Q9D6Y7,0.0188375128506619,0.175799348920714
Q9D6Y9,0.358059674403145,0
Q9D710,0.100640771695843,-0.00151423971712163
Q9D783,5.82894367307652e-06,2.32460638167374
Q9D7A8,0.333943933688292,-0.00732968797737925
Q9D7G0,0.409482203175629,0
Q9D7N9,0.956148810857562,0
Q9D7X8,0.160609511524505,0.17589506916553
Q9D819,0.0102086972927837,0.282398066637522
Q9D820,0.436761542652553,0.0428109062636594
Q9D832,0.665711752285345,0
Q9D855,0.587808286179922,0
Q9D880,0.609635598555111,0
Q9D8B3,0.654332632107254,-0.0698169057912563
Q9D8B4,0.418460729014109,0
Q9D8H7,0.545273926801559,0.0369933675709587
Q9D8N0,0.00181743842801752,0.37532887761505
Q9D8S9,0.24182481839961,0
Q9D8U8,0.0745618476803788,0.338471767430969
Q9D8W5,0.0388340883532702,0.410560903017315
Q9D8Y0,0.56645589822824,0.105662595603682
Q9D9V3,0.7119797657602,0
Q9DAK9,0.63181589101665,0
Q9DAR7,0.0272906095217511,0.289775371444914
Q9DB05,0.184328933337874,0
Q9DB15,0.484476675422261,0.0469484914571952
Q9DB60,0.524595056100399,0
Q9DBC0,0.939871453994392,0
Q9DBC7,0.0251717362363038,-0.208274227320084
Q9DBF1,0.125576472449426,0.328817285870212
Q9DBL1,0.587808286179922,-0.0260555823302965
Q9DBP5,0.155082277877306,0.0375338126000739
Q9DCB8,0.318462927583331,0.170800318555862
Q9DCD0,0.00504200767139659,0.424757716633609
Q9DCH4,0.00811536862127755,0.32320810366324
Q9DCL9,0.06046141468312,0.22885922359542
Q9DCS3,0.807607309657158,0
Q9DCT8,0.981198902447007,0
Q9DCV4,0.504325471045433,0
Q9DCW4,0.956148810857562,0.0419130558244359
Q9DCX2,0.0882695403632491,-0.0959970593155521
Q9EPL8,0.0435070879042863,0.701260873101887
Q9EPM5,0.281849274313372,0.180713238146037
Q9EPU0,0.0745618476803788,0
Q9EQ20,0.436761542652553,0
Q9EQH3,0.400619269617387,0.0842287119209724
Q9EQI8,0.868974649998216,0
Q9EQP2,0.000942753030458685,0.634376862070746
Q9EQQ9,0.349902096741995,0
Q9EQU5,0.0750462266878593,0.307810605768907
Q9EQW7,0.184328933337874,0.503593766325934
Q9ER35,0.00111948526253207,-0.739071271019223
Q9ERG2,0.918662428750726,0
Q9ERI6,0.918662428750726,0
Q9ERK4,0.427554110033312,0.119022286318506
Q9ERL9,0.609635598555111,0
Q9ERS2,0.504325471045433,0
Q9ES46,0.133521199429196,-0.142425588346064
Q9ESB3,0.000842328875481782,0.983117747744409
Q9ESN9,0.155082277877306,0.0265670253062376
Q9ET01,0.654332632107254,0
Q9ET26,0.391872599263254,0
Q9ET78,0.0165813011968158,-0.322340899443556
Q9JHI5,0.524595056100399,-0.0766632130946724
Q9JHJ0,0.0158838607814552,0.180876518923361
Q9JHK4,0.0111724629969994,0.207240117172128
Q9JHQ5,0.103940188080244,0.23707140942463
Q9JHU4,0.248202133795407,-0.0204471892899549
Q9JHU9,0.000472991999535176,1.60922802955825
Q9JI46,0.20506662708723,0.0619491624348375
Q9JI91,0.735530971521914,0.0280277286703859
Q9JIF0,0.0974253670425724,0.288973335666709
Q9JIF7,0.000501615297684796,0.823348816124628
Q9JII6,0.0173054932977435,0.250865071539166
Q9JJG0,0.844311037808544,0
Q9JJV2,0.771322353362909,0
Q9JJZ2,0.296137034730411,0.0059456219470243
Q9JK42,0.747402099637018,0
Q9JK48,0.281849274313372,0
Q9JKB1,0.24182481839961,0.139570674600847
Q9JKB3,0.400619269617387,0
Q9JKR6,0.00504200767139659,0.506654016105204
Q9JKS4,0.993732451868159,0
Q9JLH8,0.844311037808544,0
Q9JLJ2,0.494347796882088,0
Q9JLN9,0.981198902447007,0
Q9JLR9,0.884692904428916,-0.0616458486469902
Q9JLT4,0.455515014565433,0
Q9JLV1,0.184328933337874,0
Q9JLV5,0.795462039288642,0
Q9JMA1,0.358059674403145,0
Q9JMC3,0.609635598555111,0
Q9JMD3,0.868196973099159,0
Q9JMH6,0.00262475922090632,0.686795652818298
Q9QUM9,0.0825605582365061,0.374449651888009
Q9QVP4,0.688700168290688,0
Q9QX11,0.555762962303962,0
Q9QXG4,0.211668472854518,0.0238420143250995
Q9QXK3,0.0284065806012414,0.279318281930966
Q9QXT0,0.0523485853712318,0.168982816744412
Q9QXZ0,0.21747126779811,0
Q9QY76,0.19493330790021,0
Q9QYB1,0.110796486627609,0.187697609660145
Q9QYG0,0.427554110033312,-0.0315205870216646
Q9QYI5,0.436761542652553,0
Q9QYJ0,0.931141958770873,0
Q9QYR9,0.943638441181721,0
Q9QZ08,0.281849274313372,0
Q9QZ23,0.261307510812924,0.011187104902665
Q9QZ88,0.0231967805748578,0.409750970151683
Q9QZD9,0.00356473844190227,0.491605000716661
Q9QZE5,0.00290937878435863,0.864184344311595
Q9QZM0,0.465059112418441,0
Q9QZQ1,0.0213577837654288,-0.485911969526024
Q9QZZ6,0.545273926801559,0
Q9R069,0.21747126779811,0
Q9R0H0,0.125576472449426,-0.0867144294724506
Q9R0N0,0.783366129735749,0
Q9R0P5,0.169232130164369,0
Q9R0P9,0.0041414748807615,0.625055729398895
Q9R0X4,0.0037483147211487,0.333219412271005
Q9R111,0.0373743430934309,0.131091661085178
Q9R112,0.545273926801559,-0.0988471680106094
Q9R1P4,0.484476675422261,0
Q9R1T2,0.216059080551842,0.293151331091849
Q9WTP6,0.00224530685719768,0.258542327735709
Q9WTP7,0.735530971521914,0
Q9WTQ5,0.0241667728640506,0.282303787646006
Q9WTR5,0.107324975718302,0.120291480422561
Q9WTX6,0.0542862521335288,0.0421851922994839
Q9WU78,0.0359615641073923,0.28479615728057
Q9WUA3,0.00117767069921098,1.00624638698883
Q9WUB3,0.24182481839961,0
Q9WUD1,0.771322353362909,0.088782447453444
Q9WUK2,0.504325471045433,0
Q9WUQ2,0.943638441181721,0
Q9WUR2,0.0116839973894092,-0.0561033938376503
Q9WUU7,0.0196470758581901,0.486992919481365
Q9WV35,0.374730403243281,0
Q9WV54,0.7119797657602,0
Q9WV55,0.141849401463706,0.0102418973646164
Q9WV80,0.0139439151698106,0.823585780278265
Q9WV85,0.383242797227954,0.170183467917826
Q9WV98,0.164411731443954,0
Q9WVA2,0.819799132750553,0
Q9WVA4,0.00172288302490501,0.351690850994285
Q9WVE8,0.254696196181791,0
Q9WVL0,0.179189690909951,0.0605144819852289
Q9Z0G0,0.650845029452331,0
Q9Z0N1,0.146160410166145,0
Q9Z0N2,0.0853764782374766,0.367829737060986
Q9Z0S1,0.00774606605707547,0.731074530028115
Q9Z0X1,0.856625342637434,0
Q9Z0Y1,0.24182481839961,0.0804695636353496
Q9Z126,0.0373509259483055,-0.657161069531292
Q9Z1D1,0.0882695403632491,0.294765016306568
Q9Z1E4,0.0165813011968158,0.287666953483364
Q9Z1F9,0.75933344490961,0
Q9Z1G4,0.155082277877306,0.16806717603528
Q9Z1J3,0.0222607734832417,0.139841951870627
Q9Z1Q5,0.0231967805748578,0.400840045431218
Q9Z1Q9,0.665711752285345,0
Q9Z1R2,0.179189690909951,0.139524894444788
Q9Z1Z0,0.288933646828102,0.0846268544349487
Q9Z1Z2,0.184328933337874,0.230156160104015
Q9Z2C5,0.89376642154738,0
Q9Z2I0,0.524595056100399,0
Q9Z2I8,0.400619269617387,0
Q9Z2I9,0.688700168290688,-0.039928654501907
Q9Z2M7,0.494347796882088,0
Q9Z2U0,0.00705231850158936,0.518178310305807
Q9Z2U1,0.0418992492427059,0.177241924893345
Q9Z2W0,0.75933344490961,0.0776704506097221
Q9Z2X1,0.00582976294866423,1.14351690400161
Q9Z2Y3,0.0562833990946691,-0.0144333557517582
A3KFX0,0.200400326169084,-0.144096685229563
A3KMP2,0.0388340883532702,0.184639203796441
A6H611,0.0152123496042014,0.450443073814728
B2RXS4,0.534884090851039,0.0150868025973988
G3X9K3,0.0912411243939956,0.00438752333916383
O08547,0.326143729056504,0.0644818089157053
O08600,1,0
O08663,0.358059674403145,0.238544004685118
O08807,1.39928103888361e-05,0.850167163473952
O08917,0.155082277877306,0.00884555488840305
O09044,0.310901567984652,0
O09161,0.21747126779811,-0.0484704117109004
O09167,0.89376642154738,0
O09174,0.665711752285345,0.00813439414198434
O35295,0.391872599263254,0
O35345,0.274883670239552,0.0813906233573564
O35609,0.771322353362909,0
O35900,0.0401954370371112,0.0967992578543669
O54734,0.00672681626765671,0.111970490759312
O54774,0.0882695403632491,0.0807801605844356
O55135,0.146160410166145,0.0272999378418574
O55222,0.0750462266878593,0.184981585972296
O70194,0.0562833990946691,0.268217096652321
O70251,0.179189690909951,0
O70362,0.000329998641507138,0.791710990470522
O70400,0.341863442768662,0.0974112609754106
O70435,0.30345962987935,0
O70439,0.587808286179922,0
O70572,0.918662428750726,0
O88487,0.807607309657158,0
O88545,0.0173054932977435,0.428275474428672
O88587,0.374730403243281,0
O88667,0.0745618476803788,0.294447333644451
O88947,0.30345962987935,0.101688546810384
O89112,0.881356003076419,0.0192655676370201
P00158,0.125576472449426,0.0229321058415962
P00416,0.688700168290688,0.0586096672594413
P00493,0.0468794465018838,0.392996299707508
P01831,0.0165813011968158,0.520910209272
P01872,0.00582976294866423,0.405795786349521
P03921,0.587808286179922,0
P03953,0.23556369671821,-0.0366261507584728
P04186,0.409482203175629,0.0173901388390962
P05132,0.545273926801559,0.0131118606192536
P08074,0.620682633510885,0
P08249,0.310901567984652,0.066119041482526
P08752,0.0523485853712318,0.256689885282337
P09470,0.968669992408246,0
P0C605,0.0173054932977435,0.907549092392698
P10493,0.164411731443954,0.0156140733269147
P10630,0.205978430283607,-0.049024178537125
P11152,0.30345962987935,0
P11352,0.013345436736691,0.36082579941371
P12382,0.0486464733140217,0.72487545808279
P12787,0.200400326169084,0
P14131,0.418460729014109,0
P15327,0.677168370609976,0
P15508,0.184328933337874,-0.236236963459584
P15532,0.0262126745492384,0.386863186523276
P16858,0.504325471045433,0.077279436120173
P18242,0.11800504154136,0.225693966779767
P18826,0.00306200792933068,0.884880160524483
P19253,0.333943933688292,0.0232465740901763
P19783,0.906202903727346,0
P20918,0.00089123066973507,0.416741581027294
P21126,0.00811536862127755,0.428333586633409
P22315,0.0251717362363038,-0.196950773462957
P22892,0.040341989007121,0.340950786176899
P23492,0.0523485853712318,0.224529289008215
P23591,0.0231967805748578,0.378914361833012
P24452,0.184328933337874,0.168128932415561
P24472,0.296137034730411,-0.230507713240618
P24549,0.807607309657158,0
P26040,0.504325471045433,0
P28654,0.943638441181721,0
P28656,0.534884090851039,-0.0275106506134875
P28658,0.0626449472743814,0.226996679322361
P29758,0.0974253670425724,0.154330881850814
P31532,0.416718510621241,0.451740034207719
P31786,0.00975515365423722,0.166397279779714
P32020,0.107324975718302,-0.130329033334505
P34928,0.000710153490327017,0.366916360991461
P35279,0.200400326169084,0.268245040067287
P35282,0.19493330790021,0
P35585,0.169232130164369,0.0906241941844297
P35762,0.169232130164369,0
P35979,0.643033275059094,0
P35980,0.121744741083078,0.0188707482484785
P37040,0.577031903563498,0
P38060,0.968669992408246,0
P40630,0.654332632107254,-0.0186197353110615
P41216,0.254696196181791,0
P42669,0.427554110033312,-0.041010739708532
P46471,0.029561644808311,0.363684785031947
P46735,0.0912411243939956,0.325130098715211
P47199,0.418460729014109,0
P47740,0.881356003076419,0
P47758,0.1295015315987,0.162572302162912
P47962,0.981198902447007,0
P48193,0.0486464733140217,-0.270763945079319
P48758,0.383242797227954,0
P49138,0.184312550668136,0.285413442203033
P50580,0.688700168290688,0
P51150,0.0152123496042014,0.118850562254597
P51660,0.1295015315987,-0.0566610293017703
P51885,0.494347796882088,0.0471061207519208
P52196,0.23556369671821,0.00987716750625557
P53657,0.418460729014109,-0.1302681798149
P54116,0.700304774092646,-0.00399415600896507
P54265,0.956148810857562,0
P54797,0.7119797657602,0.0752396553590314
P54822,0.598676823537517,0.026954827145585
P56376,0.427554110033312,0
P56395,0.968669992408246,0
P56480,0.918662428750726,0
P56565,0.0825605582365061,0.161684156200146
P58064,0.341863442768662,0
P58281,0.341863442768662,-0.0763502861138522
P58389,0.110796486627609,0.184118791620821
P60122,0.349902096741995,0.279877927916426
P60603,0.620682633510885,0
P60766,0.0052931981128264,0.348553146177367
P61022,0.598676823537517,0
P61027,0.643033275059094,0
P61089,0.0798203998036864,0.0580011924826816
P61164,0.0974253670425724,0.294547803892863
P61202,0.0974253670425724,0.120585910247519
P61211,0.0041414748807615,0.408333098431189
P61222,0.141849401463706,-0.173085524167988
P61290,0.56634953122213,0
P61358,0.254696196181791,0
P61750,0.000795925813090137,0.242559633376561
P61924,0.819799132750553,0
P62075,0.333943933688292,0
P62192,0.296137034730411,0
P62317,0.75933344490961,0
P62627,0.75933344490961,0
P62702,0.333943933688292,-0.112559857956633
P62751,0.274883670239552,0
P62821,0.0912411243939956,0.103435688206122
P62835,0.881356003076419,0
P62855,0.254696196181791,0.152950100250077
P62874,0.205978430283607,0.141226989484353
P62897,0.968669992408246,0
P63005,0.11800504154136,0.233308331921027
P63276,0.771322353362909,0
P63323,0.455515014565433,0.0473609466246934
P63325,0.545273926801559,0
P63328,0.415267282403496,0
P63330,0.844311037808544,0
P67871,0.358059674403145,0
P68037,0.418460729014109,0
P68372,0.0272906095217511,0.478843510911945
P70170,0.114356064113808,-0.0723295566393918
P70349,0.223387588956075,-0.140148372278696
P70404,0.21747126779811,0
P82349,0.349902096741995,-0.129676477960824
P83940,0.881356003076419,0
P97290,0.205978430283607,0
P97315,0.771322353362909,0
P97351,0.23556369671821,0
P97390,0.0882695403632491,0.42995358492348
P97467,0.326143729056504,0
P97478,0.654332632107254,0
P97493,0.700304774092646,0
P97742,0.281849274313372,0
P97823,0.1295015315987,0.209461098415268
P97855,0.281849274313372,0.181097017946516
P98078,0.0222607734832417,0.173723978089018
P98192,0.0307568765583333,-0.410580799249137
P99024,0.11800504154136,0.200754500694752
P99027,0.349902096741995,0
Q00519,0.0284065806012414,0.274189761072222
Q01339,0.400619269617387,0.00323192770731839
Q01405,0.229418168727969,0.114370251722056
Q01730,0.418460729014109,0.00370655931039918
Q02257,0.577031903563498,0
Q02357,0.17415776487667,-0.22737690319678
Q05816,0.0272906095217511,0.136042579577802
Q05BC3,0.677168370609976,0.0674582682656997
Q05D44,0.137636740454583,0
Q07113,0.150570973824854,0.391930625204172
Q07456,0.00672681626765671,0.469546723235474
Q08091,0.436761542652553,-0.0440868181839929
Q08481,0.0825605582365061,0.105880769076551
Q08857,0.906202903727346,0
Q0II04,0.484476675422261,0
Q3KNM2,0.248202133795407,0
Q3TC72,0.409482203175629,0
Q3THS6,0.587808286179922,0
Q3TLP5,0.723722671499961,0
Q3TMH2,0.326143729056504,0.000480647110713291
Q3TZZ7,0.620682633510885,0.0444854601261552
Q3U0V1,0.24182481839961,0
Q3U1J4,0.534884090851039,0
Q3U3R4,0.281849274313372,0
Q3U5Q7,0.391872599263254,0
Q3UDE2,0.0158838607814552,0.663966403416714
Q3UGR5,0.189576485562616,0.108469039312241
Q3UHB1,0.455515014565433,0.0176925992162581
Q3UHJ0,0.968669992408246,0
Q3UHX2,0.146160410166145,-0.0649023892817719
Q3UHZ5,0.807607309657158,0
Q3ULF4,0.455515014565433,0
Q3UN90,0.771322353362909,0
Q3URE1,0.0196470758581901,0.139774303418899
Q3URS9,0.723722671499961,0
Q3V1L4,0.0262126745492384,0.223985075167071
Q501J6,0.455515014565433,-0.0456378796405784
Q505F5,0.484476675422261,0
Q5EG47,0.0106809178151796,0.49008124568543
Q5H8C4,0.587808286179922,0.228539958230658
Q5SRX1,0.0468794465018838,0.25735865467241
Q5SSW2,0.326143729056504,-0.199338969702136
Q5SWU9,0.268036533670459,0.232908516951573
Q5U430,0.326143729056504,0.101195258701353
Q5U458,0.677168370609976,0.018179729244069
Q60598,0.0332722260853964,0.540187583652531
Q60605,0.288933646828102,0.0981748289890776
Q60649,0.169232130164369,-0.144910153980139
Q60865,0.684695782800403,0
Q60866,0.688700168290688,-0.134411718816388
Q60931,0.609635598555111,0
Q60960,0.688700168290688,0
Q61171,0.248202133795407,0
Q61187,0.956148810857562,0
Q61543,0.577031903563498,0
Q61655,0.747402099637018,0
Q61656,0.223387588956075,0
Q61702,0.00705231850158936,0.874297870359509
Q61703,0.0825605582365061,0.501766642598428
Q61704,2.67217029375093e-07,2.6598378526799
Q61739,0.23556369671821,-0.167823735051625
Q61749,0.844311037808544,0
Q61830,0.00117767069921098,1.0853641427289
Q62219,0.0094634646519576,0.541305009442973
Q62318,0.771322353362909,0
Q62348,0.281849274313372,0.0801651725946526
Q62351,0.409482203175629,0.163793145424034
Q62425,0.0272906095217511,-0.0755287430529369
Q62446,0.333943933688292,-0.0978237076717745
Q63961,0.0345945777256718,0.24123088440916
Q64213,0.4747133788235,0
Q64471,0.0801167358214613,0.23043405612074
Q68FH4,0.514408359147172,0
Q69ZS7,0.0745618476803788,0.193125145352815
Q6GQT9,0.11800504154136,0.198750199231717
Q6NZC7,0.184328933337874,0.046471712290706
Q6P1B1,0.114356064113808,0.386832725181502
Q6P4T2,0.114356064113808,-0.177484064923597
Q6P5E4,0.0262126745492384,0.353974781350782
Q6P8M1,0.30345962987935,0.079797157611068
Q6P8X1,0.0583413441086496,0.077494753245979
Q6PAM0,0.931141958770873,0.047499108015721
Q6PD31,0.654332632107254,0.245139458444667
Q6PER3,0.326143729056504,0
Q6PHZ2,0.288933646828102,-0.0749662937464241
Q6ZWQ0,0.0853764782374766,-1.02151768760283
Q71RI9,0.0942926082768607,0.067761379879123
Q78IK4,0.326143729056504,0.0873729990856972
Q78JE5,0.0122162025015106,0.375497163650309
Q791V5,0.906202903727346,0
Q7TMK9,0.281849274313372,0.039986401984802
Q7TSQ8,0.844311037808544,0.00585489381071407
Q80UU9,0.844311037808544,0
Q80VP1,0.0388340883532702,0.307255843151534
Q80W21,0.534884090851039,0.00547584934376092
Q80X50,1,0
Q80Y14,0.436761542652553,0
Q80ZS3,0.261307510812924,0
Q810B6,0.0204868617282776,0.462793036614302
Q8BFY9,0.24182481839961,0
Q8BFZ1,0.677168370609976,0
Q8BFZ9,0.665711752285345,0
Q8BG32,0.0102086972927837,0.126820565811041
Q8BG67,0.223387588956075,-0.157815552734888
Q8BGD9,0.700304774092646,0.0269468407236188
Q8BH35,0.534884090851039,0
Q8BH59,0.310901567984652,0
Q8BHC4,0.146160410166145,0
Q8BHG2,0.968669992408246,0
Q8BIW1,0.981198902447007,0
Q8BL97,0.281849274313372,-0.081137240065588
Q8BMF3,0.121744741083078,0.0362992588530386
Q8BMG7,0.000202761384802385,1.25782203422713
Q8BP40,0.783366129735749,0
Q8BU85,0.00276372401157067,0.244350283332206
Q8BU88,0.141849401463706,0.0370363360729691
Q8BVI4,0.409482203175629,0.122770504952712
Q8BVU5,0.341890758559386,0
Q8BVZ1,0.000795925813090137,-0.729086038235471
Q8BW75,0.17415776487667,0.0390291011448913
Q8BXK9,0.326143729056504,0
Q8BYL4,0.0102086972927837,0.503219238499739
Q8BZA9,0.19493330790021,0.167743736664074
Q8C0C7,0.465059112418441,0.03770576912603
Q8C0M9,0.100092543204785,0.488777182078097
Q8C166,0.268036533670459,0.055851101533857
Q8C5H8,0.310901567984652,0.125924347643115
Q8C5Q4,0.0468794465018838,0.245526399651574
Q8C7R4,0.1295015315987,0.118612886238736
Q8C7X2,0.723722671499961,0
Q8CAQ8,0.436761542652553,-0.0018762618269183
Q8CC35,0.0158838607814552,0.528250997539733
Q8CC86,0.723722671499961,0
Q8CEE7,0.868974649998216,0
Q8CGK3,0.956148810857562,0
Q8CHT0,0.455515014565433,-0.258156272574989
Q8CI51,0.524595056100399,0
Q8CIN4,0.0319933674593037,0.247133140443478
Q8CJG0,0.436761542652553,0.0428904857055198
Q8K0D5,0.832034666693479,0.00760370374242317
Q8K0Z7,0.0672077846340269,0.0109100462395182
Q8K1J6,0.0648932865521406,0.294147328361304
Q8K1R3,0.374730403243281,0.0427837601519803
Q8K1Z0,0.0388340883532702,-0.197859474511702
Q8K2C6,0.155082277877306,0.00129484392558207
Q8K2M0,0.146160410166145,0.187020435368549
Q8K354,0.0504690912822196,0.373501582844721
Q8K3A0,0.103940188080244,0.0609550232342962
Q8K3W2,0.0853764782374766,-0.265700366555578
Q8K411,0.534884090851039,0
Q8K4Z5,0.0448054866630711,-0.432509020895459
Q8N7N5,0.316992652301729,0
Q8R001,0.0942926082768607,-0.317432771899312
Q8R016,0.598676823537517,0.0123318857361358
Q8R086,0.0272906095217511,0.165951206966663
Q8R0N6,0.121744741083078,0
Q8R1B4,0.844311037808544,0
Q8R2Q4,0.735530971521914,0
Q8R2Y2,0.00249220985828932,0.682905960288641
Q8R3F5,0.189576485562616,0
Q8R404,0.0307568765583333,-0.2051006354799
Q8R5C5,0.310901567984652,0
Q8VBV7,0.494347796882088,0.29420778983445
Q8VCA8,0.771322353362909,0
Q8VCF0,0.254696196181791,0
Q8VCM5,0.00975515365423722,0.741223377608347
Q8VCW8,0.931141958770873,0
Q8VD26,0.427554110033312,0
Q8VDC0,0.268036533670459,-0.0318726668650004
Q8VDG5,0.7119797657602,0
Q8VDI7,0.873255237810508,0
Q8VDM6,1,0
Q8VDP4,0.296137034730411,-0.100853619223435
Q8VE38,0.349902096741995,0
Q8VEE1,0.0504690912822196,0.399479937119999
Q8VEM8,0.125576472449426,0.186421819684498
Q91V64,0.844311037808544,0
Q91VA6,0.968669992408246,0
Q91VR2,0.455515014565433,0
Q91W89,0.0695898002899335,0.794951529670483
Q91WJ8,0.807607309657158,0
Q91WP6,0.000178981969697452,1.44962387425379
Q91X72,0.000275833968949485,0.678235055583332
Q91XD6,0.747402099637018,0
Q91YP0,0.326143729056504,0
Q91YQ5,0.391872599263254,0
Q91YT0,0.146160410166145,0
Q91YY4,0.56634953122213,-0.0109329533357527
Q91ZA3,0.159695484546589,0.115229282514372
Q91ZU6,0.856625342637434,0
Q920Q6,0.795462039288642,0
Q921F4,0.536220944770031,0
Q921H9,0.494347796882088,0.0981228823486592
Q922E4,0.0204868617282776,0.182118953658132
Q922F4,1.15957526787916e-06,1.68482460339997
Q922Q8,0.000795925813090137,0.834480429197689
Q922U2,0.0798203998036864,-0.224084922810948
Q925I1,0.184328933337874,-0.277145541308882
Q99J39,0.0451667380535344,-0.163381463098094
Q99JR6,0.0251717362363038,0.310439354611822
Q99KC8,0.164411731443954,0.576474122064255
Q99KJ8,0.155082277877306,0.128560573513105
Q99KP6,0.0332722260853964,0.317826658707898
Q99KR7,0.100640771695843,-0.32465493036391
Q99L45,0.427554110033312,0.0465962390836634
Q99LB6,0.381571417914236,0.0565440128288381
Q99LC5,0.75933344490961,0
Q99LC8,0.545273926801559,0.0428834728441597
Q99LP6,0.288933646828102,0.0402746073267219
Q99LY9,0.747402099637018,0
Q99M04,0.11800504154136,0.165090470897258
Q99M87,0.211668472854518,0
Q99N85,0.409482203175629,0.0109745631364894
Q99N87,0.0373743430934309,0.333641839226057
Q99P30,0.0388340883532702,-0.444967487853672
Q99P31,0.121744741083078,0.638333818251764
Q99PR8,0.107324975718302,0
Q99PV0,0.783366129735749,0
Q9CPQ3,0.56634953122213,0.275803119693599
Q9CPS6,0.620682633510885,0
Q9CPU0,0.654332632107254,0
Q9CPU4,0.446082156566587,-0.019177629011508
Q9CPV4,0.0542862521335288,0.184047972159477
Q9CPW2,0.341863442768662,0
Q9CPY7,0.121744741083078,-0.0217158350018249
Q9CQ06,0.771322353362909,0
Q9CQ19,0.63181589101665,0
Q9CQ45,0.783366129735749,0
Q9CQ62,0.981198902447007,0
Q9CQ75,0.446082156566587,0
Q9CQC7,0.310901567984652,0
Q9CQE8,0.0272906095217511,0.364377190711771
Q9CQF0,0.0745618476803788,0.123123765255137
Q9CQF4,0.642595573059624,-0.000996669814814578
Q9CQL5,0.000942753030458685,0.690878221616586
Q9CQM5,0.143366240756747,0.176230039903433
Q9CQN1,0.341863442768662,-0.133840823886025
Q9CQV8,0.577031903563498,0
Q9CQW1,0.0626449472743814,0.14552970782161
Q9CR09,0.0265763858020129,0.548362438991345
Q9CR21,0.677168370609976,0
Q9CR61,0.446082156566587,0
Q9CR88,0.0469432600760125,0.356765492822731
Q9CRB6,0.643033275059094,0
Q9CRY7,0.700304774092646,0.00445387749095788
Q9CS72,0.618591583437357,0
Q9CVB6,0.30345962987935,0.208111398770973
Q9CWF2,0.89376642154738,0
Q9CX56,0.179375798211966,0.438442259668531
Q9CXI0,0.254696196181791,-0.0786285240138637
Q9CXI5,0.254696196181791,0
Q9CXJ1,0.809260169214591,-0.0839066481472198
Q9CXY6,0.374730403243281,0
Q9CY16,0.418460729014109,0
Q9CZ42,0.418460729014109,0
Q9CZN8,0.427554110033312,0.408332289910265
Q9CZP5,0.400619269617387,0.00684142127778299
Q9CZU6,0.274883670239552,0
Q9CZW5,0.75933344490961,0
Q9CZX8,0.141849401463706,0.0281603005159749
Q9CZY3,0.545273926801559,0.123728693076257
Q9D0B5,0.341890758559386,0.298921341322072
Q9D0G0,0.268036533670459,0
Q9D0S9,0.19493330790021,0.153654720609505
Q9D154,0.000588110187518104,1.5553957081373
Q9D1A2,0.981198902447007,0
Q9D1B9,0.381571417914236,0.050109988640591
Q9D1G1,4.88245508408918e-05,0.505954810582786
Q9D1G3,0.19493330790021,-0.0484556523356818
Q9D1H8,0.771322353362909,0
Q9D1H9,0.688700168290688,0
Q9D1L0,0.455515014565433,0
Q9D1M0,0.0504690912822196,0.539792217912238
Q9D1P4,0.391872599263254,0.00193172020457445
Q9D1R9,0.436761542652553,0.0411300824708377
Q9D358,0.943638441181721,0
Q9D4H8,0.0213577837654288,0.0168204398812658
Q9D6J6,0.446082156566587,0
Q9D6K5,0.545273926801559,0
Q9D6K8,0.374730403243281,-0.0224721429952872
Q9D6M3,0.956148810857562,0
Q9D6S7,0.00172288302490501,0.400880576810812
Q9D6U8,0.155082277877306,0.201685800967863
Q9D7J9,0.545273926801559,0
Q9D7N3,0.114356064113808,0.21370044053402
Q9D892,0.514408359147172,0
Q9D898,0.107324975718302,-0.161438472477968
Q9D8E6,0.274883670239552,0.135484448858645
Q9D8S4,0.0451667380535344,0.213098035992392
Q9D924,0.555762962303962,-0.0154730457474781
Q9DA03,0.0942926082768607,0.0406825535088652
Q9DB20,0.484476675422261,0.0234867621559171
Q9DBB8,0.270766607983668,-0.377857155807416
Q9DBB9,0.0216989254517688,0.569089082158747
Q9DBD0,0.545273926801559,0
Q9DBG3,0.0272906095217511,0.160379996435178
Q9DBG5,0.0648932865521406,-0.0800065490873604
Q9DBH5,0.478290080321141,0.0383836411062805
Q9DBJ1,0.00890158864743343,0.293747088340451
Q9DC50,0.968669992408246,0
Q9DC61,0.609635598555111,0
Q9DC69,1,0
Q9DC70,0.943638441181721,0
Q9DCJ5,0.455515014565433,0
Q9DCM0,0.288933646828102,0.0401977454178373
Q9DCM2,0.4747133788235,0
Q9DCN1,0.24182481839961,0.167783617902262
Q9DCN2,0.00306200792933068,0.227817114623215
Q9DCS9,0.555762962303962,0
Q9DCT1,0.931141958770873,0
Q9DCT2,0.514408359147172,0
Q9DCZ1,0.63181589101665,0.0353788874952957
Q9DCZ4,0.89376642154738,0
Q9EP69,0.23556369671821,0.0513727453026603
Q9EPB4,0.0211183538963744,0.828430731281273
Q9EPB5,0.0468794465018838,0.466362960874888
Q9EPK7,0.0373509259483055,0.315683690192757
Q9EPL9,0.795462039288642,0
Q9EQK5,0.00276372401157067,0.251416616994455
Q9ES83,0.844514900607338,0
Q9JHL1,0.107324975718302,-0.16921711284284
Q9JHR7,0.169232130164369,0
Q9JHS4,0.00131442035098839,0.229484141274085
Q9JHW2,0.654332632107254,0
Q9JI39,0.735530971521914,0
Q9JI78,0.257856721957397,0.139917572700282
Q9JII5,0.661747118501644,0
Q9JIK9,0.0648932865521406,0.0366358597644318
Q9JIY5,0.254696196181791,0
Q9JJK2,0.103940188080244,0.0881723501446672
Q9JJU8,0.23556369671821,0.0613366530848925
Q9JKF1,0.00111434096282819,0.332145490044532
Q9JKV1,0.391872599263254,0.0909802594169218
Q9JLI6,0.0942926082768607,0.222285794804599
Q9JM76,0.4747133788235,0.114997198366844
Q9JMH9,0.189576485562616,0
Q9QUR6,0.326143729056504,0
Q9QUR7,0.159695484546589,0.125913867814991
Q9QXS1,0.358059674403145,0
Q9QXX4,0.993732451868159,0
Q9QYA2,0.484476675422261,-0.045253626965409
Q9QYC0,0.296137034730411,-0.0221221049654395
Q9QZ06,0.288933646828102,0.0135980061910162
Q9QZB7,0.23556369671821,0
Q9QZF2,0.771322353362909,0
Q9QZN4,1,0
Q9R062,0.0373743430934309,0.149740769653993
Q9R0P3,0.832034666693479,0
Q9R0Q6,0.358059674403145,0.0205028274372037
Q9R0Q7,0.333943933688292,0
Q9R0Y5,0.700304774092646,0
Q9R1P3,0.465059112418441,0
Q9WTI7,0.0319933674593037,0.153112760959097
Q9WTM5,0.4747133788235,0.197585642396152
Q9WTX5,0.205978430283607,0.142026398628084
Q9WUM3,0.931141958770873,0
Q9WUZ7,0.254696196181791,0.0322902984370916
Q9WV32,0.409482203175629,0
Q9WV60,0.968669992408246,0
Q9WVJ2,0.06046141468312,0.419076026473997
Q9WVK4,0.56634953122213,0
Q9WVQ5,0.334283278752917,0.0321848347787918
Q9Z0F7,0.534884090851039,0
Q9Z0P5,0.688700168290688,0
Q9Z1K5,0.0798203998036864,0.162407181235042
Q9Z1N5,0.514408359147172,0
Q9Z1P6,0.700304774092646,0
Q9Z1X4,0.688700168290688,0
Q9Z204,0.251564460928469,0.259409089746073
Q9Z2C8,0.455515014565433,0
Q9Z2Y8,0.125576472449426,0.0617833653676157
Q9Z2Z6,0.418460729014109,0.0524300084491364
D3Z7P3,0.545273926801559,0
O09110,0.349902096741995,-0.00456985282332765
O35143,0.915896550883467,0
O35206,0.0272906095217511,0.0846364140949256
O35381,0.598676823537517,-0.0555807684979501
O35841,0.164411731443954,-0.185689508446486
O35855,0.0523485853712318,0.2004277235061
O35943,0.0771546226350226,0
O70252,0.0332722260853964,0.394160920714471
O70423,0.11800504154136,0.205793879549413
O70493,0.16515583792303,0
O88441,0.881356003076419,0.0150762900288192
O88531,0.366335892142727,0.104915493513674
O88851,0.683765841276292,0.186008102306319
O88967,0.11800504154136,0.032353856179278
P02088,0.200400326169084,-0.0195032071163655
P08207,0.189576485562616,0.4885188566927
P09813,0.0801167358214613,-0.220824467254362
P11688,0.00230807493862814,0.990524869284327
P12970,0.114356064113808,0.0688067281492654
P15116,0.504325471045433,0
P16627,0.688700168290688,0
P17047,0.11800504154136,0
P17183,0.029561644808311,0.256702742012021
P21279,0.288933646828102,0
P21956,0.121744741083078,0.0094984384822081
P24369,0.000229485265558367,0.376535652377519
P25444,0.0241667728640506,0.364658558594068
P26516,0.268036533670459,0.00909927712833335
P29341,0.0882695403632491,0.11032308374704
P33622,0.146160410166145,0.00839928887973876
P34884,0.0695898002899335,0.41811956510415
P35385,0.24182481839961,0.194291906618868
P42227,0.0562833990946691,0.20688393771117
P42232,0.383242797227954,-0.181396926415481
P43023,0.455515014565433,0
P45377,0.205978430283607,0
P46638,0.795462039288642,0
P46656,0.00724519681284227,0.21205423289149
P47791,0.159695484546589,0.213785409682524
P47963,0.1295015315987,0.218813014725115
P48771,0.0672077846340269,0.0705110820589536
P50431,0.418460729014109,0
P50518,0.7119797657602,0.0253767144573883
P54923,0.7119797657602,0
P55096,0.494347796882088,0
P56392,0.0165813011968158,0.316041464311206
P56812,0.484476675422261,0
P60904,0.98796334212199,0
P62082,0.288933646828102,0.619421599559444
P62141,0.881356003076419,0
P62267,0.0626449472743814,0.242730528403664
P62827,0.0418992492427059,0.210431404648554
P62889,0.620682633510885,0.111652128684307
P62932,0.366335892142727,0
P63085,0.1295015315987,0
P63158,0.205978430283607,-0.207239769247962
P67984,0.24182481839961,0
P70704,0.0165813011968158,-0.270899329357729
P82348,0.918662428750726,0
P82350,0.00975515365423722,-0.112275345914843
P84104,0.270766607983668,0.26678388948496
P97821,0.040341989007121,0.368936331590004
P97822,0.19493330790021,-0.00781412066181115
P97930,0.587808286179922,0
P99026,0.000810583088196469,0.69984867177511
Q2NL51,0.125576472449426,0.0792167145268171
Q3TYX3,0.0745618476803788,0.234199267028452
Q3U186,0.868974649998216,0
Q3U2A8,0.931141958770873,0
Q3U7R1,0.223387588956075,0
Q3UN02,0.665711752285345,0.114621783604979
Q3UQN2,0.00672681626765671,1.22581822713774
Q3V384,0.229418168727969,0.0794364463226691
Q4PJX1,0.956148810857562,0
Q5XPI3,0.312121189972993,0.135400506977521
Q60634,0.881356003076419,0
Q60668,0.0854621525302608,0.223897156640687
Q60737,0.446082156566587,0
Q60759,0.366335892142727,0.000874079936968394
Q61102,0.807607309657158,0
Q61239,0.534884090851039,0
Q61578,0.358059674403145,0.334177558757269
Q61733,0.150570973824854,0.0358874883985375
Q62000,0.98796334212199,0
Q62422,0.0451667380535344,0.213651183524345
Q62465,0.0319933674593037,0.534955851550258
Q64133,0.436761542652553,0
Q64314,0.0451667380535344,0.100478986690584
Q64462,0.0222607734832417,0.197211470012587
Q64516,0.795462039288642,0
Q64520,0.506820519992788,0
Q6P1F6,0.747402099637018,0.0996160187310178
Q6P2B1,0.688700168290688,0
Q6PB44,0.993732451868159,0
Q6PCP5,0.296137034730411,0.0949519419999838
Q6PHN9,0.700304774092646,0
Q6WVG3,0.409482203175629,0
Q6ZQB6,0.110796486627609,-0.158241559539846
Q6ZWR6,0.688700168290688,0
Q78IK2,0.465059112418441,0
Q7TMF3,0.114356064113808,-0.35581373777871
Q7TMM9,0.906202903727346,0
Q7TNG8,0.75933344490961,0
Q80U63,0.358059674403145,-0.302198410666861
Q80X90,0.75933344490961,0
Q8BFZ3,0.409482203175629,0
Q8BGH2,0.665711752285345,0
Q8BH64,0.0695898002899335,0.15548845954287
Q8BIP0,0.366335892142727,0.135918955542143
Q8BJ03,0.0648932865521406,-0.214150445316876
Q8BK08,0.747402099637018,0
Q8BRK8,0.931141958770873,0.00716728722759249
Q8BWY3,0.103940188080244,0.420284613805323
Q8BXN7,0.555762962303962,-0.026378873986828
Q8BYM8,0.956148810857562,0
Q8BZW8,0.072040698116284,0
Q8C0I1,0.89376642154738,0
Q8CHS7,0.00705231850158936,0.290469256646729
Q8CI32,0.296137034730411,0.114843736178933
Q8CIG8,0.0241667728640506,0.176767229259107
Q8K183,0.19493330790021,0.113804271519159
Q8K215,0.918662428750726,0
Q8K2K6,0.993732451868159,0
Q8K4F5,0.333943933688292,0
Q8R035,0.0284065806012414,0.323575184372054
Q8R0F8,0.534884090851039,0
Q8R104,0.418460729014109,0
Q8R127,0.89376642154738,0
Q8R164,0.795462039288642,0.026136022933248
Q8R1S0,0.931141958770873,0
Q8R3Q6,0.0435070879042863,-0.318225081019871
Q8VCG4,0.98796334212199,0
Q8VCR7,0.110796486627609,0.0484377934802709
Q8VE95,0.968669992408246,0
Q8VED5,0.654332632107254,-0.142050815797976
Q8VEH5,0.00641488172175789,0.754323178137658
Q8VIJ6,0.288933646828102,0
Q91V12,0.465059112418441,0
Q91V16,0.223387588956075,-0.0246142430305942
Q91V61,0.125576472449426,0.0114754996439211
Q91VW3,0.290949940061044,0.256701679306487
Q91WK5,0.053477540470392,-0.316461063043117
Q91WM2,0.229418168727969,0
Q91XD2,0.0940171145230823,-0.046363811594201
Q91XE4,0.296137034730411,0.210802722622547
Q91XE8,0.0925176628182674,-0.302070807202376
Q91YM4,0.296137034730411,0
Q91ZX7,0.318462927583331,0.12389822341716
Q921H8,0.524595056100399,0
Q921S7,0.504325471045433,0
Q924D0,0.391872599263254,-0.0398477874409248
Q99KK9,0.700304774092646,0
Q99N84,0.7119797657602,0
Q99N95,0.918662428750726,0
Q9CPP6,0.0127697769730225,-0.253304948218542
Q9CPR5,0.121744741083078,0.0719454501760476
Q9CQ60,0.358059674403145,0
Q9CQ69,0.856625342637434,0
Q9CQ91,0.654332632107254,0
Q9CQB5,0.00172288302490501,0.44817737037773
Q9CQN3,0.0309792713302701,-0.190415707779296
Q9CQR6,0.150570973824854,0.000685781962313865
Q9CQU0,0.455515014565433,0.0794805512913845
Q9CQV5,0.30345962987935,0.0321547191595338
Q9CQY6,0.931141958770873,0
Q9CR67,0.0060381214183401,0.383311853947545
Q9CU62,0.000710153490327017,-1.10701212277101
Q9CWE0,0.56634953122213,0.0221776684555677
Q9CWZ7,0.264257309871427,-0.0981761069131586
Q9CX86,0.0272906095217511,0.232875454026444
Q9CXA2,0.150570973824854,-0.114514835452325
Q9CXV1,0.19493330790021,0.212802505349406
Q9CXW3,0.446082156566587,0
Q9CXW4,0.00191674176057832,0.491256227683932
Q9CYH2,0.688700168290688,0
Q9CYR6,0.63181589101665,0
Q9CZR3,0.465059112418441,0
Q9D0L7,0.00224530685719768,0.645316754984934
Q9D0Q7,0.0319933674593037,-0.369468953128604
Q9D1D4,0.00089123066973507,0.501420760038482
Q9D1N9,0.0272906095217511,0.249417679932231
Q9D1P0,0.0583413441086496,0
Q9D273,0.0262126745492384,0.259725374906076
Q9D338,0.688700168290688,0
Q9D773,0.643033275059094,-0.27425953439016
Q9D7B6,0.993732451868159,0
Q9D7P6,0.365371548508621,-0.0427957373301316
Q9D7X3,0.0037483147211487,0.364413451455882
Q9DAW9,0.19493330790021,0.125265937376142
Q9DB70,0.993732451868159,0
Q9DB73,0.326143729056504,0.033394441283287
Q9DB77,0.103940188080244,0.0630086878470846
Q9DBG6,0.205978430283607,0.281699128149007
Q9DBM2,0.00099702299307873,-0.676947466525248
Q9DBR7,0.409482203175629,0
Q9DC29,0.146160410166145,-0.43122576963125
Q9DCI9,0.968669992408246,0
Q9EQ06,0.881356003076419,0
Q9ERP3,0.21747126779811,0
Q9ERR7,0.00230807493862814,0.678898726211939
Q9ES97,0.0435070879042863,0.109964410670866
Q9EST5,0.643033275059094,0
Q9ET54,0.807607309657158,0
Q9JHU2,0.366335892142727,0
Q9JIW9,0.00236581095127441,0.498389692891335
Q9JK53,0.956148810857562,0
Q9QUH0,0.918662428750726,0
Q9QXB9,0.00739189473071687,0.474347148459068
Q9QYS9,0.0912411243939956,-0.0872154231220632
Q9R1P0,0.0504690912822196,0
Q9R229,0.00394044391388604,0.609166791968
Q9WUM5,0.436761542652553,0
Q9WUR9,0.211668472854518,0.0739245220817199
Q9WVH9,0.169232130164369,0.0423010369837378
Q9WVL3,0.494347796882088,-0.0976302747871372
Q9Z0E6,0.21747126779811,0.0826450107101668
Q9Z1Q2,0.194486517773809,0.293545121769761
Q9Z1W9,0.0122162025015106,0.471538372814416
Q9Z210,0.63181589101665,0
Q9Z2Q5,0.856625342637434,-0.129062312325223
E9Q8I9,0.688700168290688,0
G5E8K5,0.735530971521914,0
O08579,0.0345945777256718,0.369601750623441
O35344,0.24182481839961,0
O55028,0.110796486627609,-0.186818450925292
O70310,0.114356064113808,0.0852774232624823
O88653,0.0106809178151796,0.44326366228465
O88792,0.110796486627609,0.296267897347764
O89103,0.993732451868159,0
P00397,0.504325471045433,0
P00405,0.89376642154738,0
P11798,0.110796486627609,-0.164684570735354
P17225,0.0085003538415251,0.348726486693878
P31428,0.0583413441086496,-0.125231001811487
P35293,0.0085003538415251,0.123893934092373
P47753,0.00146569451652794,0.594481031492802
P51410,0.0435070879042863,0
P51863,0.0974253670425724,0.0336779787041149
P51881,0.0231967805748578,-0.341858086147236
P59999,0.341863442768662,-0.174523408179384
P60867,0.1295015315987,0.135747611646965
P61255,0.532891720271366,0.0278861981300759
P62137,0.310901567984652,0
P62245,0.0045716961856957,0.494407328696808
P62301,0.700304774092646,0
P62748,0.155082277877306,0.0838231718112744
P62852,0.164411731443954,0
P63030,0.4747133788235,0.00557273641621613
P82347,0.100640771695843,-0.153094537834864
P97370,0.30345962987935,0
Q14CH7,0.159695484546589,0.112525926723941
Q3THE2,0.618591583437357,0
Q5M8N4,0.21747126779811,0.014071342376364
Q60766,0.881356003076419,0
Q60996,0.400619269617387,0.207959202333799
Q61160,0.0262126745492384,0.382572774256095
Q64012,0.00394044391388604,0.6549072896402
Q64310,0.109788101859695,0.181835543361141
Q6NSR8,0.0359615641073923,0.834937242522568
Q6PEB6,0.0037483147211487,-0.749178242687449
Q7M6Y3,0.000472991999535176,0.560012147451474
Q8BGV0,0.931141958770873,0
Q8BH95,0.968669992408246,0
Q8BHE8,0.268036533670459,0.103229484154819
Q8BJY1,0.169232130164369,0
Q8BMD8,0.0139439151698106,0.386884219771248
Q8BVQ5,0.993732451868159,0
Q8C6I2,0.100640771695843,0.0920237139894196
Q8C8R3,0.832034666693479,-0.032898916129075
Q8CIZ8,0.4747133788235,0.147055208163293
Q8K4Z3,0.341863442768662,0
Q8R2Y8,0.981198902447007,0
Q8R5J9,0.229418168727969,0.0187152911535972
Q8VDQ8,0.688700168290688,0
Q91VT4,0.620682633510885,0
Q91YE6,0.650845029452331,0
Q91YH5,0.832034666693479,0.0360647033358669
Q91ZE0,0.677168370609976,0
Q920M5,0.504325471045433,0
Q99JX4,0.155082277877306,0.173009776404632
Q99KR3,0.0504690912822196,0.196082445318135
Q99LR1,0.0562833990946691,0.520370697944638
Q99NB8,0.939871453994392,0
Q9CQ22,0.2897518607532,0.136935667545206
Q9CQ40,0.795462039288642,0.0191333637203327
Q9CQE3,0.906202903727346,0
Q9CQV7,0.951880748588154,1.99814080536481e-06
Q9CR13,0.455515014565433,0
Q9CR57,0.23556369671821,0
Q9CRB8,0.620682633510885,0
Q9CYW4,0.0388340883532702,0.123043537475714
Q9CZM2,0.868974649998216,0
Q9CZS1,0.723722671499961,0
Q9D6F9,0.0173054932977435,1.19129537018716
Q9D967,0.0523485853712318,0.122491893569599
Q9DAS9,0.906202903727346,0
Q9DCA2,0.0127697769730225,0.442215383562021
Q9EQH2,0.00435176815045221,0.373514111020376
Q9ER00,0.184328933337874,0.0103055172808715
Q9ESL4,0.0853764782374766,0.142543785273641
Q9JIS8,0.0332722260853964,0.0241142643474874
Q9JJL8,0.0116839973894092,0.281992381514229
Q9JKC8,0.00672681626765671,0.365194147729898
Q9QZJ6,0.199725405193514,0
Q9R1P1,0.00890158864743343,0.49550941547743
Q9WU28,0.0106809178151796,0.157390894392345
Q9WUA2,0.4747133788235,0
Q9WUM4,0.0111724629969994,0.238506921132075
Q9WVJ3,0.0165813011968158,0.387375254415273
Q9Z1T1,0.968669992408246,0
A6H584,0.281849274313372,0
O35075,0.735530971521914,0
O35129,0.856625342637434,-0.0355571477152844
O55026,0.762861163944931,0
O70622,0.807607309657158,-0.00974610521802941
P03911,0.110796486627609,0.265663977124139
P47968,0.620682633510885,0
P56135,0.150570973824854,-0.167023134669297
P56391,0.455515014565433,-0.108917419196589
P58021,0.700304774092646,0
P62274,0.943638441181721,0
P62830,0.014565963234229,0.501284183824291
P63001,0.0435070879042863,0.0778990210076081
P85094,0.268036533670459,0
Q3UUI3,0.4747133788235,0.00615441374234915
Q4VAE3,0.968669992408246,0
Q5RKZ7,0.24182481839961,0.0372070505805783
Q60590,0.0679345713178557,0.520108216061712
Q60770,0.211668472854518,0
Q62048,0.0373743430934309,0.0906907128270736
Q6PE15,0.555762962303962,0
Q791T5,0.534884090851039,0
Q8BH61,0.23556369671821,0.0233182355570282
Q8BKY8,0.943638441181721,0
Q8BP67,0.349902096741995,0
Q8BTX9,0.169232130164369,0.358559278938734
Q8BWM0,0.0912411243939956,-0.148548047007348
Q8C7H1,0.409482203175629,0
Q8CBY8,0.310901567984652,0
Q8CC27,0.391872599263254,0
Q8CFI5,1,0.00671276908704
Q8VCM4,0.189576485562616,0.0430606799469161
Q91WK1,0.56634953122213,0
Q922H4,0.240121030909295,0.197658853794239
Q99MD6,0.391872599263254,0
Q99N92,0.534884090851039,0.186576019885294
Q99PU8,0.0319933674593037,0.60072778235433
Q9CPQ8,0.110796486627609,-0.0916567311778395
Q9CQ92,0.0672077846340269,-0.195325621931973
Q9CQV1,0.0825605582365061,0
Q9CXE7,0.150570973824854,0.247428604922465
Q9D0L4,0.931141958770873,0
Q9D1I6,0.223387588956075,0.0162013641119344
Q9D1L9,0.0970168061283431,0.481709295827646
Q9D7J4,0.7119797657602,0
Q9D8T7,0.418460729014109,0
Q9D8Y1,0.868974649998216,0
Q9DC77,0.706056827224919,0.102688309052935
Q9DCU6,0.333943933688292,0
Q9ES82,0.00739189473071687,0.41255976863507
Q9ESW4,0.4747133788235,0
Q9JJI8,0.11800504154136,0.161754100620121
Q9JKF7,0.747402099637018,0
Q9JLB0,0.0438191864700881,-0.749830249173824
Q9JLZ3,0.56634953122213,-0.0176520380208952
Q9QX60,0.400619269617387,0.043863490550766
Q9R0M4,0.040341989007121,-0.0840875209768555
Q9Z1G3,0.0262126745492384,0.51482792797765
Q9Z2N8,0.975929423375701,0
O35682,0.939871453994392,0
O70571,0.137636740454583,0.0217543977669206
O89023,0.844311037808544,0
P08032,0.184328933337874,-0.0654146967144653
P10922,0.868196973099159,0
P35278,0.137636740454583,0.307217577978456
P47915,0.688700168290688,0
P55284,0.072040698116284,-0.245968154229953
P61021,0.383242797227954,0
P97927,0.000942753030458685,0.24871355256723
Q06185,0.844311037808544,0
Q3TC33,0.880083900671191,0.0835123183892467
Q3UIU2,0.577031903563498,0
Q66GT5,0.24182481839961,0.185373189700081
Q69ZN7,0.00105417297530626,0.746047979685134
Q6A0D4,0.366335892142727,0
Q80YD1,0.274883670239552,0.166977893978544
Q8CAK1,0.993732451868159,0
Q8CCJ3,0.312121189972993,-0.218989740976939
Q8CI59,0.326143729056504,0.340641993725089
Q8VDT9,0.723722671499961,0
Q91YE8,0.0593238365527303,0.198462391782006
Q91YJ5,0.555762962303962,-0.00462268317675242
Q925F2,0.856339767333854,0
Q9CQZ6,0.114356064113808,0.252391667426294
Q9CX80,0.0255258427498293,0.571747765647694
Q9CZB0,0.205978430283607,0.227010335479708
Q9CZR2,0.0173054932977435,0.279162960059891
Q9D023,0.534884090851039,0.0627731619182902
Q9DBL7,0.318462927583331,0
Q9WU79,0.446082156566587,0
O35382,0.807607309657158,0
O35972,0.254696196181791,-0.17381912281661
P02535,0.771322353362909,0
P04104,0.993732451868159,0
P04919,0.400619269617387,0
P19001,0.661747118501644,0
P47802,0.254696196181791,-0.0126655198272984
P48410,0.56634953122213,0
P63011,0.514408359147172,0
Q01815,0.747402099637018,0
Q3UMR5,0.319398429225821,0
Q3UV17,0.642595573059624,-0.0226216242816434
Q3V3R4,0.0798203998036864,-0.0871021869411657
Q5SUC9,0.654332632107254,0
Q64521,0.374730403243281,0.0264183276405491
Q71LX4,0.931141958770873,0
Q80X85,0.00105417297530626,0.474663026924788
Q8BGB8,0.504325471045433,0
Q8BGY7,0.577031903563498,0
Q8C1B7,0.0648932865521406,-0.353294058123088
Q8C3X2,0.446082156566587,-0.0101739618230809
Q8K1N1,0.341863442768662,0
Q8K2Y7,0.906202903727346,0
Q91VN4,0.75933344490961,0
Q920A7,0.141849401463706,0.246643815272048
Q9CWU6,0.524595056100399,0
Q9CWX2,0.358059674403145,0.00207694126079533
Q9CXD6,0.63181589101665,0
Q9CXZ1,0.21747126779811,0.19931304198404
Q9CZL5,0.19493330790021,0
Q9D2R6,0.248202133795407,0.352366774881456
Q9DC71,0.643033275059094,0
Q9QZH6,0.179189690909951,0.185734841491238
A2AIL4,0.103940188080244,-0.0967823873659564
B1AR13,0.310901567984652,0
O35435,0.349902096741995,0.0702702186779348
P09925,0.555762962303962,0.0614324550760222
P10833,0.184328933337874,0.073088978139418
P43024,0.771322353362909,0
P56382,0.771322353362909,0
P59041,0.229418168727969,-0.192535057028578
P62073,0.277384956219958,0
Q3TL44,0.155082277877306,0
Q505D7,0.268036533670459,0
Q5IRJ6,0.968669992408246,0
Q5NCE8,0.968669992408246,0
Q5SWT3,0.127579956098766,0.347425986379003
Q66JZ4,0.0276231150270514,0.155474321712908
Q69ZP3,1,0
Q6ZWV3,0.233333176127969,0.0305853388149734
Q80ZK0,0.545273926801559,0
Q8BH55,0.795462039288642,0
Q8BL03,0.400619269617387,0
Q8BUY5,0.795462039288642,-0.00827154404264245
Q8C3X4,0.072040698116284,0.105609408636929
Q8CI78,0.783366129735749,-0.0290308578757481
Q8JZU0,0.868974649998216,0
Q8R0Y8,0.391872599263254,0.0140701342509922
Q8R3K3,0.956148810857562,0.00392671994657419
Q8VCL2,0.931141958770873,0
Q8VEA4,0.618591583437357,-0.0445367927361339
Q921N7,0.17415776487667,0.113353967208157
Q99MZ7,0.807607309657158,0
Q99N94,0.310901567984652,-0.035394078168616
Q9CQ54,0.75933344490961,0
Q9CQD1,0.0213577837654288,0.0641712468418943
Q9CQR4,0.906202903727346,0
Q9CZJ2,0.735530971521914,0
Q9D1I2,0.0213577837654288,0.215711001142318
Q9QZD8,0.0287052096915448,0.523381420996586
Q9Z0P4,0.484476675422261,0
A2APY7,0.993732451868159,0
E9Q557,0.358059674403145,0
P11087,0.127579956098766,0
P49222,0.0213577837654288,-0.661202289679396
P51175,0.0245853370528865,0.450791652637923
P56501,0.51652565441984,0
P63321,0.391872599263254,0
P84096,0.409482203175629,0
Q5HZI9,0.7119797657602,0
Q61387,0.931141958770873,0
Q61586,0.211668472854518,0.112768513328242
Q8BGX2,0.654332632107254,0
Q8BPE4,0.455515014565433,0.145547370888235
Q8BSF4,0.268036533670459,0.0982739291151634
Q8BUE4,0.0219426266452499,0.432248843327331
Q8BX02,0.832034666693479,-0.106161494442647
Q8K199,0.0112609211944172,0.557186281055011
Q922E6,0.783366129735749,0
Q99J47,0.0388340883532702,0.156963300307203
Q99JI6,0.0942926082768607,0.269002242616993
Q99JR1,0.0634120504020599,0.424767230720449
Q99N89,0.139078288011018,0.269321673442286
Q9CPU2,0.60799768864168,0
Q9D0D3,0.963900981022996,-0.0515543036304875
Q9ER88,0.747402099637018,0
Q9R257,0.358059674403145,0.0118719557320831
Q9WTQ8,0.316992652301729,0
Q9Z0V7,0.281849274313372,0.256469019210134
A2ADF7,0.807607309657158,0
B7ZMP1,0.700304774092646,0
P03930,0.587808286179922,0
P54320,0.497212088120326,0
P70290,0.268036533670459,-0.0488099133564122
Q3THF9,0.706129634948287,-0.0185789996086386
Q6IFZ6,0.598676823537517,0
Q7TNS2,0.446082156566587,0
Q99N93,0.993732451868159,0
Q9CPX7,0.819799132750553,0.00174795962856756
Q9D8P4,0.844514900607338,0
Q9DAT5,0.0373743430934309,0.35902246986212
Q9JKL4,0.943638441181721,0
P30275,0.654332632107254,0
P30999,0.0359615641073923,0.0477158230890385
Q5SSK3,0.141849401463706,0.187008108940098
Q5XJY4,0.304954076978398,-0.271818419987725
Q9CQP0,0.123852850448371,0.0891737299742857
P19258,0.688700168290688,0.0239928168848168
P55258,0.609635598555111,0
Q3U213,0.169232130164369,-0.0129512369913307
Q9CPX8,0.110796486627609,0.339758004574378
Q9QYB5,0.881356003076419,0
Q9Z277,0.316992652301729,-0.298582627637996
A2A5R2,0.783366129735749,0
A2AGT5,0.427554110033312,0
P02463,0.0122162025015106,0.267512045262213
P15331,0.0245855822263486,0.266524287867602
P21619,0.418460729014109,-0.123614168168544
P37889,0.00153428175694815,0.459744109750155
P48678,0.0542862521335288,0.357781967192712
P55292,0.856625342637434,0
Q02788,0.0262126745492384,0.0735208866371524
Q3UMT1,0.497212088120326,0
Q4ACU6,0.0825605582365061,-0.70421868151402
Q5FW53,0.383242797227954,0
Q61033,0.0204868617282776,-0.495045094512386
Q65CL1,0.494347796882088,0
Q8BIG7,0.254696196181791,0.18542676321447
Q8BJS4,0.468978736911569,0
Q8BPM0,0.223387588956075,-0.122269652002485
Q8BRT1,0.366335892142727,0
Q8C6K9,0.534884090851039,0
Q8K4G5,0.0468794465018838,0.0148376763876086
Q8VHY0,0.0648932865521406,0.406592197314489
Q91Z83,0.349902096741995,0
Q921T2,0.981198902447007,0
Q921U8,0.981198902447007,0
Q923B6,0.0307568765583333,-0.0919944514895252
Q99K41,0.0116839973894092,0.562163891638298
Q99KK2,0.0940171145230823,-0.35550729642289
Q9CR42,0.63181589101665,0
Q9CXS4,0.534884090851039,0
Q9D6Z1,0.159695484546589,0
Q9DC07,0.514408359147172,0
Q9EPC1,0.629265343496206,0
Q9ERU9,0.0262126745492384,-0.683310043455852
Q9JIF9,0.663512873787276,0
Q9JJ28,0.963900981022996,0
Q9JJW5,0.223387588956075,-0.244436527593029
A2AQ25,0.526326233864781,0
P21278,0.643033275059094,0
P28653,0.000229485265558367,0.778444230613577
P39054,0.993732451868159,0
P43275,0.446082156566587,0
P43276,0.391872599263254,0.00256202981968779
P53026,0.184328933337874,0.0866353646004764
P62900,0.7119797657602,0
P82198,0.56634953122213,0.132275073004255
P98203,0.277384956219958,-0.287176674507539
Q3TEA8,0.0825605582365061,-0.114251064811524
Q3TJD7,0.139285765507923,0.12313244316841
Q3U9G9,0.418460729014109,0
Q61029,0.494347796882088,0
Q61235,0.771322353362909,-0.0124054156968221
Q6PDG5,0.819799132750553,0
Q6PDH0,0.468978736911569,0
Q76LL6,0.121744741083078,-0.229568135632345
Q7TPV4,0.807607309657158,0
Q8BWB1,0.072040698116284,0.191459656883717
Q8CGB6,0.205978430283607,-0.0732200457060916
Q8R326,0.506820519992788,0
Q99JW4,0.484476675422261,0
Q99LE6,0.906202903727346,0
Q9CW03,0.436761542652553,0
Q9D2N4,0.179189690909951,0
Q9EPX2,0.357435114916088,0
Q9ES28,0.0942926082768607,-0.149844918265932
Q9QZQ8,0.51652565441984,0
Q9R0K7,0.358059674403145,-0.244952477960605
Q9Z2D6,0.381571417914236,-0.27009764862898
O70209,0.13149396509422,0.526971366531151
P14115,0.484476675422261,0
P39061,0.17415776487667,0.0347479437242403
P43274,0.643033275059094,0
P62717,0.159695484546589,0.128358892702646
Q4VA53,0.856625342637434,0
Q99K28,0.465059112418441,0
Q99MQ4,0.577031903563498,0
Q9JK92,0.164411731443954,-0.0238876549492546
Q3TBW2,0.600756858015344,-0.069033397962391
Q6PDQ2,0.125576472449426,0.521461954861565
O08599,0.159695484546589,-0.0914043910999333
Q3V132,0.620682633510885,0
Q9DBG7,0.000520757401821685,1.0223917283029
Q05144,0.00632157523238796,0.938770182358472
P10518,0.0448054866630711,0.388031080892287
P10852,0.0285355795096743,0.508462119010511
P12849,0.285442791174773,0.194311729086858
Q9CQ85,0.938820447829357,-0.00221973655113087
Q8CIM3,0.51652565441984,0
P28063,0.0498536977214708,0.103651656805855
Q6IFX2,0.526326233864781,0
